file,expected_fires
ne16_transient_1900.2026-02-06.clm2.h0a.1945-07.nc,2.198067790004643e-07
ne16_transient_1900.2026-02-06.clm2.h0a.1952-03.nc,2.6096961391886e-07
ne16_transient_1900.2026-02-06.clm2.h0a.1969-04.nc,2.593646684090345e-07
ne16_transient_1900.2026-02-06.clm2.h0a.1969-07.nc,2.5514398771520064e-07
ne16_transient_1900.2026-02-06.clm2.h0a.1986-01.nc,3.449283383361035e-07
ne16_transient_1900.2026-02-06.clm2.h0a.1929-04.nc,2.2215317585505545e-07
ne16_transient_1900.2026-02-06.clm2.h0a.1953-06.nc,2.149225224457041e-07
ne16_transient_1900.2026-02-06.clm2.h0a.1946-09.nc,2.2205728100743727e-07
ne16_transient_1900.2026-02-06.clm2.h0a.1922-12.nc,2.1521360338283557e-07
ne16_transient_1900.2026-02-06.clm2.h0a.1936-11.nc,2.447038980335492e-07
ne16_transient_1900.2026-02-06.clm2.h0a.1965-10.nc,2.441540516429086e-07
ne16_transient_1900.2026-02-06.clm2.h0a.1920-08.nc,1.783294436563665e-07
ne16_transient_1900.2026-02-06.clm2.h0a.1975-07.nc,2.3726902043108566e-07
ne16_transient_1900.2026-02-06.clm2.h0a.1908-02.nc,2.2137241728614754e-07
ne16_transient_1900.2026-02-06.clm2.h0a.1904-07.nc,1.7148626341167983e-07
ne16_transient_1900.2026-02-06.clm2.h0a.2004-05.nc,3.203044514066278e-07
ne16_transient_1900.2026-02-06.clm2.h0a.1921-04.nc,2.283505722289192e-07
ne16_transient_1900.2026-02-06.clm2.h0a.1986-02.nc,3.2263619687000755e-07
ne16_transient_1900.2026-02-06.clm2.h0a.1917-06.nc,1.9072689383392571e-07
ne16_transient_1900.2026-02-06.clm2.h0a.1983-05.nc,3.1512908549302665e-07
ne16_transient_1900.2026-02-06.clm2.h0a.1955-01.nc,2.5288449023719295e-07
ne16_transient_1900.2026-02-06.clm2.h0a.1983-12.nc,3.0935996164771495e-07
ne16_transient_1900.2026-02-06.clm2.h0a.2002-05.nc,4.1155095686917775e-07
ne16_transient_1900.2026-02-06.clm2.h0a.1949-02.nc,2.519338409001648e-07
ne16_transient_1900.2026-02-06.clm2.h0a.1922-02.nc,2.2920048081687128e-07
ne16_transient_1900.2026-02-06.clm2.h0a.1915-01.nc,2.1013622131249576e-07
ne16_transient_1900.2026-02-06.clm2.h0a.1961-02.nc,2.454921173011826e-07
ne16_transient_1900.2026-02-06.clm2.h0a.1957-06.nc,2.2648566755378852e-07
ne16_transient_1900.2026-02-06.clm2.h0a.1919-03.nc,2.5965638883462816e-07
ne16_transient_1900.2026-02-06.clm2.h0a.1927-02.nc,2.1418981077658827e-07
ne16_transient_1900.2026-02-06.clm2.h0a.2009-04.nc,4.0272738033308997e-07
ne16_transient_1900.2026-02-06.clm2.h0a.1994-11.nc,3.369574983480561e-07
ne16_transient_1900.2026-02-06.clm2.h0a.1964-03.nc,3.0473194101432455e-07
ne16_transient_1900.2026-02-06.clm2.h0a.1983-01.nc,3.6567752204064163e-07
ne16_transient_1900.2026-02-06.clm2.h0a.1923-04.nc,2.1410045292213908e-07
ne16_transient_1900.2026-02-06.clm2.h0a.1930-09.nc,1.9648700799734797e-07
ne16_transient_1900.2026-02-06.clm2.h0a.2018-08.nc,3.961811785302416e-07
ne16_transient_1900.2026-02-06.clm2.h0a.1932-04.nc,2.547417068399227e-07
ne16_transient_1900.2026-02-06.clm2.h0a.1908-07.nc,1.6699331695235742e-07
ne16_transient_1900.2026-02-06.clm2.h0a.1919-09.nc,1.8106507582160702e-07
ne16_transient_1900.2026-02-06.clm2.h0a.2019-04.nc,3.5845329193762154e-07
ne16_transient_1900.2026-02-06.clm2.h0a.1948-11.nc,2.350390957417403e-07
ne16_transient_1900.2026-02-06.clm2.h0a.1906-11.nc,1.9468217260509846e-07
ne16_transient_1900.2026-02-06.clm2.h0a.1948-10.nc,2.0758935193043726e-07
ne16_transient_1900.2026-02-06.clm2.h0a.2006-09.nc,3.402176957933989e-07
ne16_transient_1900.2026-02-06.clm2.h0a.1939-07.nc,1.9563574937819794e-07
ne16_transient_1900.2026-02-06.clm2.h0a.1917-05.nc,2.0008084788969427e-07
ne16_transient_1900.2026-02-06.clm2.h0a.1980-09.nc,2.854646936611971e-07
ne16_transient_1900.2026-02-06.clm2.h0a.2017-07.nc,3.639271710653702e-07
ne16_transient_1900.2026-02-06.clm2.h0a.1963-12.nc,2.3663224624215218e-07
ne16_transient_1900.2026-02-06.clm2.h0a.1991-11.nc,2.9530579581660277e-07
ne16_transient_1900.2026-02-06.clm2.h0a.2003-11.nc,3.268487205332349e-07
ne16_transient_1900.2026-02-06.clm2.h0a.1954-03.nc,2.6657841090127476e-07
ne16_transient_1900.2026-02-06.clm2.h0a.1973-08.nc,2.3849892727412225e-07
ne16_transient_1900.2026-02-06.clm2.h0a.1903-01.nc,2.0140915069077892e-07
ne16_transient_1900.2026-02-06.clm2.h0a.1953-09.nc,2.3628169287803757e-07
ne16_transient_1900.2026-02-06.clm2.h0a.1939-05.nc,2.412486139746761e-07
ne16_transient_1900.2026-02-06.clm2.h0a.2009-11.nc,3.1604949413122085e-07
ne16_transient_1900.2026-02-06.clm2.h0a.1974-01.nc,2.9585282845800975e-07
ne16_transient_1900.2026-02-06.clm2.h0a.1902-02.nc,2.1213527645613794e-07
ne16_transient_1900.2026-02-06.clm2.h0a.1962-08.nc,2.6122813778783893e-07
ne16_transient_1900.2026-02-06.clm2.h0a.1972-01.nc,2.8650444505728956e-07
ne16_transient_1900.2026-02-06.clm2.h0a.1991-01.nc,3.1698431257609627e-07
ne16_transient_1900.2026-02-06.clm2.h0a.1924-06.nc,2.088063126848283e-07
ne16_transient_1900.2026-02-06.clm2.h0a.1931-01.nc,2.243013028646601e-07
ne16_transient_1900.2026-02-06.clm2.h0a.1989-05.nc,3.0104143888820545e-07
ne16_transient_1900.2026-02-06.clm2.h0a.1961-09.nc,2.6193981739197625e-07
ne16_transient_1900.2026-02-06.clm2.h0a.1901-10.nc,1.8614966279528744e-07
ne16_transient_1900.2026-02-06.clm2.h0a.2017-03.nc,3.837277517959592e-07
ne16_transient_1900.2026-02-06.clm2.h0a.1962-04.nc,2.507117073946574e-07
ne16_transient_1900.2026-02-06.clm2.h0a.1925-01.nc,2.1054913190710067e-07
ne16_transient_1900.2026-02-06.clm2.h0a.1917-10.nc,1.8596699646877823e-07
ne16_transient_1900.2026-02-06.clm2.h0a.1920-12.nc,2.1669841032689874e-07
ne16_transient_1900.2026-02-06.clm2.h0a.1951-06.nc,2.093236446398805e-07
ne16_transient_1900.2026-02-06.clm2.h0a.1971-03.nc,3.0982971566118067e-07
ne16_transient_1900.2026-02-06.clm2.h0a.1942-07.nc,1.8832764681064873e-07
ne16_transient_1900.2026-02-06.clm2.h0a.1975-04.nc,3.0063256417633966e-07
ne16_transient_1900.2026-02-06.clm2.h0a.2019-09.nc,4.4980470192967914e-07
ne16_transient_1900.2026-02-06.clm2.h0a.2004-02.nc,3.344800063587172e-07
ne16_transient_1900.2026-02-06.clm2.h0a.1905-01.nc,2.078867424870623e-07
ne16_transient_1900.2026-02-06.clm2.h0a.1984-03.nc,3.3957283562813245e-07
ne16_transient_1900.2026-02-06.clm2.h0a.1983-10.nc,2.970938055568695e-07
ne16_transient_1900.2026-02-06.clm2.h0a.1906-03.nc,2.1681817941043846e-07
ne16_transient_1900.2026-02-06.clm2.h0a.1933-11.nc,1.9437383969034272e-07
ne16_transient_1900.2026-02-06.clm2.h0a.1924-03.nc,2.41765064856736e-07
ne16_transient_1900.2026-02-06.clm2.h0a.1945-05.nc,2.335017228460856e-07
ne16_transient_1900.2026-02-06.clm2.h0a.1972-07.nc,2.4124659603330656e-07
ne16_transient_1900.2026-02-06.clm2.h0a.1963-08.nc,2.4555416189286916e-07
ne16_transient_1900.2026-02-06.clm2.h0a.1981-07.nc,2.57070183806718e-07
ne16_transient_1900.2026-02-06.clm2.h0a.1901-07.nc,1.5593568036820216e-07
ne16_transient_1900.2026-02-06.clm2.h0a.1956-09.nc,2.2239839836402098e-07
ne16_transient_1900.2026-02-06.clm2.h0a.1942-09.nc,2.0519394183793338e-07
ne16_transient_1900.2026-02-06.clm2.h0a.1914-10.nc,1.9255745087320975e-07
ne16_transient_1900.2026-02-06.clm2.h0a.1924-05.nc,2.601051392048248e-07
ne16_transient_1900.2026-02-06.clm2.h0a.2000-09.nc,3.3287562928308034e-07
ne16_transient_1900.2026-02-06.clm2.h0a.1914-03.nc,2.527107767491543e-07
ne16_transient_1900.2026-02-06.clm2.h0a.1943-03.nc,2.5637410772105795e-07
ne16_transient_1900.2026-02-06.clm2.h0a.1908-01.nc,2.1201583422225667e-07
ne16_transient_1900.2026-02-06.clm2.h0a.1952-01.nc,2.6772744377012714e-07
ne16_transient_1900.2026-02-06.clm2.h0a.1926-02.nc,2.260046016999695e-07
ne16_transient_1900.2026-02-06.clm2.h0a.2004-04.nc,3.207370866675774e-07
ne16_transient_1900.2026-02-06.clm2.h0a.1973-11.nc,2.4544317511754343e-07
ne16_transient_1900.2026-02-06.clm2.h0a.1961-06.nc,2.1978183895043912e-07
ne16_transient_1900.2026-02-06.clm2.h0a.1975-09.nc,2.568182537743269e-07
ne16_transient_1900.2026-02-06.clm2.h0a.1944-01.nc,2.3694042283750605e-07
ne16_transient_1900.2026-02-06.clm2.h0a.1965-01.nc,2.578035491751507e-07
ne16_transient_1900.2026-02-06.clm2.h0a.1992-08.nc,3.2702445196264307e-07
ne16_transient_1900.2026-02-06.clm2.h0a.1998-09.nc,3.256730281009368e-07
ne16_transient_1900.2026-02-06.clm2.h0a.1991-07.nc,3.1807780942472164e-07
ne16_transient_1900.2026-02-06.clm2.h0a.1982-02.nc,3.342449019783089e-07
ne16_transient_1900.2026-02-06.clm2.h0a.2011-09.nc,4.249962444191624e-07
ne16_transient_1900.2026-02-06.clm2.h0a.1943-04.nc,2.4459475866933644e-07
ne16_transient_1900.2026-02-06.clm2.h0a.1920-07.nc,1.6698447780072456e-07
ne16_transient_1900.2026-02-06.clm2.h0a.1978-07.nc,2.42349869949976e-07
ne16_transient_1900.2026-02-06.clm2.h0a.1990-09.nc,3.127402408154012e-07
ne16_transient_1900.2026-02-06.clm2.h0a.2002-11.nc,3.123853957731626e-07
ne16_transient_1900.2026-02-06.clm2.h0a.1962-05.nc,2.7474854391584813e-07
ne16_transient_1900.2026-02-06.clm2.h0a.1936-08.nc,2.0860488803009503e-07
ne16_transient_1900.2026-02-06.clm2.h0a.1906-05.nc,2.319162888397841e-07
ne16_transient_1900.2026-02-06.clm2.h0a.1979-02.nc,2.7854591166942555e-07
ne16_transient_1900.2026-02-06.clm2.h0a.2011-05.nc,3.865969517846679e-07
ne16_transient_1900.2026-02-06.clm2.h0a.1999-11.nc,3.0070603429521725e-07
ne16_transient_1900.2026-02-06.clm2.h0a.1950-07.nc,2.0866261252194818e-07
ne16_transient_1900.2026-02-06.clm2.h0a.2002-07.nc,3.480848249637347e-07
ne16_transient_1900.2026-02-06.clm2.h0a.1950-10.nc,2.0433911629424983e-07
ne16_transient_1900.2026-02-06.clm2.h0a.1920-06.nc,2.2001908916990942e-07
ne16_transient_1900.2026-02-06.clm2.h0a.1975-10.nc,2.590740564301086e-07
ne16_transient_1900.2026-02-06.clm2.h0a.1913-04.nc,2.3001267379640922e-07
ne16_transient_1900.2026-02-06.clm2.h0a.1955-11.nc,2.426558580737037e-07
ne16_transient_1900.2026-02-06.clm2.h0a.1945-08.nc,1.992328293454193e-07
ne16_transient_1900.2026-02-06.clm2.h0a.1955-09.nc,2.4687398081368883e-07
ne16_transient_1900.2026-02-06.clm2.h0a.1932-06.nc,2.0131648170718108e-07
ne16_transient_1900.2026-02-06.clm2.h0a.1996-03.nc,3.6603947251023783e-07
ne16_transient_1900.2026-02-06.clm2.h0a.1934-10.nc,2.1556562046498584e-07
ne16_transient_1900.2026-02-06.clm2.h0a.1938-10.nc,2.096381024330185e-07
ne16_transient_1900.2026-02-06.clm2.h0a.1969-01.nc,2.806087024964654e-07
ne16_transient_1900.2026-02-06.clm2.h0a.2013-12.nc,3.207174756880704e-07
ne16_transient_1900.2026-02-06.clm2.h0a.2013-06.nc,3.442255547270179e-07
ne16_transient_1900.2026-02-06.clm2.h0a.1978-03.nc,2.66949541583017e-07
ne16_transient_1900.2026-02-06.clm2.h0a.1964-01.nc,2.8183782774249266e-07
ne16_transient_1900.2026-02-06.clm2.h0a.1979-05.nc,2.6275768050254555e-07
ne16_transient_1900.2026-02-06.clm2.h0a.1922-01.nc,2.3495518064464704e-07
ne16_transient_1900.2026-02-06.clm2.h0a.1948-12.nc,2.538079115765868e-07
ne16_transient_1900.2026-02-06.clm2.h0a.2005-03.nc,3.35786296545848e-07
ne16_transient_1900.2026-02-06.clm2.h0a.1984-06.nc,2.7097161137135117e-07
ne16_transient_1900.2026-02-06.clm2.h0a.1950-11.nc,2.3010349536889407e-07
ne16_transient_1900.2026-02-06.clm2.h0a.1984-01.nc,2.984448030929343e-07
ne16_transient_1900.2026-02-06.clm2.h0a.1951-05.nc,2.419739928427589e-07
ne16_transient_1900.2026-02-06.clm2.h0a.1991-02.nc,3.5029378864237515e-07
ne16_transient_1900.2026-02-06.clm2.h0a.1988-10.nc,3.0392530447898025e-07
ne16_transient_1900.2026-02-06.clm2.h0a.1915-06.nc,1.957756410320144e-07
ne16_transient_1900.2026-02-06.clm2.h0a.1945-04.nc,2.7447970296634594e-07
ne16_transient_1900.2026-02-06.clm2.h0a.2019-10.nc,3.1390675303555327e-07
ne16_transient_1900.2026-02-06.clm2.h0a.1951-03.nc,2.8210740765644005e-07
ne16_transient_1900.2026-02-06.clm2.h0a.1906-08.nc,1.782890564072659e-07
ne16_transient_1900.2026-02-06.clm2.h0a.1991-06.nc,2.7883007192031073e-07
ne16_transient_1900.2026-02-06.clm2.h0a.1976-07.nc,2.5245017809538695e-07
ne16_transient_1900.2026-02-06.clm2.h0a.1976-10.nc,2.043933875484072e-07
ne16_transient_1900.2026-02-06.clm2.h0a.1915-11.nc,1.9550293473002966e-07
ne16_transient_1900.2026-02-06.clm2.h0a.2017-06.nc,3.569031719052873e-07
ne16_transient_1900.2026-02-06.clm2.h0a.2003-02.nc,3.8616784081568767e-07
ne16_transient_1900.2026-02-06.clm2.h0a.1967-12.nc,2.491428006123897e-07
ne16_transient_1900.2026-02-06.clm2.h0a.1993-05.nc,3.485691308924288e-07
ne16_transient_1900.2026-02-06.clm2.h0a.1902-06.nc,1.898969657077032e-07
ne16_transient_1900.2026-02-06.clm2.h0a.1933-04.nc,2.3312216512749728e-07
ne16_transient_1900.2026-02-06.clm2.h0a.2012-08.nc,4.5004404114479257e-07
ne16_transient_1900.2026-02-06.clm2.h0a.1944-06.nc,2.426390324217209e-07
ne16_transient_1900.2026-02-06.clm2.h0a.1932-12.nc,2.4181110802601324e-07
ne16_transient_1900.2026-02-06.clm2.h0a.2014-08.nc,3.7507825823013263e-07
ne16_transient_1900.2026-02-06.clm2.h0a.2007-06.nc,3.3141097333100333e-07
ne16_transient_1900.2026-02-06.clm2.h0a.1942-11.nc,2.1151581108824757e-07
ne16_transient_1900.2026-02-06.clm2.h0a.1913-01.nc,2.3020670880669059e-07
ne16_transient_1900.2026-02-06.clm2.h0a.1905-12.nc,1.9053868527407758e-07
ne16_transient_1900.2026-02-06.clm2.h0a.1960-09.nc,2.2805100741152273e-07
ne16_transient_1900.2026-02-06.clm2.h0a.1997-08.nc,3.3897308071573207e-07
ne16_transient_1900.2026-02-06.clm2.h0a.1994-06.nc,3.3316652547910053e-07
ne16_transient_1900.2026-02-06.clm2.h0a.1979-11.nc,2.450669853715226e-07
ne16_transient_1900.2026-02-06.clm2.h0a.1992-03.nc,3.8985410810710164e-07
ne16_transient_1900.2026-02-06.clm2.h0a.1912-11.nc,2.1217110202087497e-07
ne16_transient_1900.2026-02-06.clm2.h0a.1947-06.nc,2.3378549940389348e-07
ne16_transient_1900.2026-02-06.clm2.h0a.1985-06.nc,2.9640830234711757e-07
ne16_transient_1900.2026-02-06.clm2.h0a.2006-11.nc,2.9239424748084275e-07
ne16_transient_1900.2026-02-06.clm2.h0a.1914-01.nc,2.0313324000653665e-07
ne16_transient_1900.2026-02-06.clm2.h0a.1925-11.nc,1.8343695273870253e-07
ne16_transient_1900.2026-02-06.clm2.h0a.1921-03.nc,2.5965795202864683e-07
ne16_transient_1900.2026-02-06.clm2.h0a.1971-09.nc,2.443007076635695e-07
ne16_transient_1900.2026-02-06.clm2.h0a.1924-12.nc,2.1222270163434587e-07
ne16_transient_1900.2026-02-06.clm2.h0a.1923-11.nc,2.2323119708289596e-07
ne16_transient_1900.2026-02-06.clm2.h0a.1932-05.nc,2.298263552802382e-07
ne16_transient_1900.2026-02-06.clm2.h0a.2011-03.nc,3.779219639454823e-07
ne16_transient_1900.2026-02-06.clm2.h0a.2008-08.nc,3.928812475351151e-07
ne16_transient_1900.2026-02-06.clm2.h0a.2019-01.nc,3.8645012523375044e-07
ne16_transient_1900.2026-02-06.clm2.h0a.1933-01.nc,2.3993010245249025e-07
ne16_transient_1900.2026-02-06.clm2.h0a.1959-07.nc,2.1242608738702984e-07
ne16_transient_1900.2026-02-06.clm2.h0a.1942-06.nc,2.192787889043757e-07
ne16_transient_1900.2026-02-06.clm2.h0a.1911-03.nc,2.2495758855711756e-07
ne16_transient_1900.2026-02-06.clm2.h0a.1928-11.nc,2.2082360828790115e-07
ne16_transient_1900.2026-02-06.clm2.h0a.1917-01.nc,2.0281382262510306e-07
ne16_transient_1900.2026-02-06.clm2.h0a.1941-03.nc,2.5727038632794574e-07
ne16_transient_1900.2026-02-06.clm2.h0a.1949-03.nc,2.9194518447184237e-07
ne16_transient_1900.2026-02-06.clm2.h0a.1939-01.nc,2.3728686926460796e-07
ne16_transient_1900.2026-02-06.clm2.h0a.1906-01.nc,2.1017096685227443e-07
ne16_transient_1900.2026-02-06.clm2.h0a.1982-11.nc,2.5732927610988554e-07
ne16_transient_1900.2026-02-06.clm2.h0a.1965-11.nc,2.712557147788175e-07
ne16_transient_1900.2026-02-06.clm2.h0a.1961-10.nc,2.658086373230617e-07
ne16_transient_1900.2026-02-06.clm2.h0a.1994-03.nc,3.749074437564559e-07
ne16_transient_1900.2026-02-06.clm2.h0a.1921-11.nc,1.908082936097344e-07
ne16_transient_1900.2026-02-06.clm2.h0a.1995-03.nc,3.5276551102469966e-07
ne16_transient_1900.2026-02-06.clm2.h0a.1962-03.nc,2.7487382681101735e-07
ne16_transient_1900.2026-02-06.clm2.h0a.1996-10.nc,2.872079960525298e-07
ne16_transient_1900.2026-02-06.clm2.h0a.1911-08.nc,1.7479989367075177e-07
ne16_transient_1900.2026-02-06.clm2.h0a.1988-09.nc,2.907132454765815e-07
ne16_transient_1900.2026-02-06.clm2.h0a.1931-05.nc,2.2580098857361008e-07
ne16_transient_1900.2026-02-06.clm2.h0a.1941-10.nc,2.1401714889179857e-07
ne16_transient_1900.2026-02-06.clm2.h0a.2010-08.nc,4.1325239408251946e-07
ne16_transient_1900.2026-02-06.clm2.h0a.1977-04.nc,2.94292306080024e-07
ne16_transient_1900.2026-02-06.clm2.h0a.1970-12.nc,3.07588379655499e-07
ne16_transient_1900.2026-02-06.clm2.h0a.1902-12.nc,1.8096936571510014e-07
ne16_transient_1900.2026-02-06.clm2.h0a.1971-08.nc,2.5824800786722335e-07
ne16_transient_1900.2026-02-06.clm2.h0a.1903-05.nc,2.030694474797201e-07
ne16_transient_1900.2026-02-06.clm2.h0a.1949-12.nc,2.327780777022781e-07
ne16_transient_1900.2026-02-06.clm2.h0a.1952-10.nc,2.157937615265837e-07
ne16_transient_1900.2026-02-06.clm2.h0a.1912-01.nc,2.1132618144292792e-07
ne16_transient_1900.2026-02-06.clm2.h0a.1974-10.nc,2.4508929641342547e-07
ne16_transient_1900.2026-02-06.clm2.h0a.1942-02.nc,2.3195352127913793e-07
ne16_transient_1900.2026-02-06.clm2.h0a.1908-09.nc,1.7227023363375338e-07
ne16_transient_1900.2026-02-06.clm2.h0a.1903-08.nc,1.7517902506369865e-07
ne16_transient_1900.2026-02-06.clm2.h0a.2010-12.nc,3.117617097814218e-07
ne16_transient_1900.2026-02-06.clm2.h0a.2012-10.nc,3.484417163690523e-07
ne16_transient_1900.2026-02-06.clm2.h0a.1981-08.nc,2.818800339809968e-07
ne16_transient_1900.2026-02-06.clm2.h0a.2019-06.nc,3.6844809869762685e-07
ne16_transient_1900.2026-02-06.clm2.h0a.1924-10.nc,1.7833509957654314e-07
ne16_transient_1900.2026-02-06.clm2.h0a.1926-06.nc,1.9732061673494172e-07
ne16_transient_1900.2026-02-06.clm2.h0a.1977-06.nc,2.5487477728347585e-07
ne16_transient_1900.2026-02-06.clm2.h0a.1930-11.nc,1.9842755705212767e-07
ne16_transient_1900.2026-02-06.clm2.h0a.1938-01.nc,2.4767925310698047e-07
ne16_transient_1900.2026-02-06.clm2.h0a.1910-12.nc,1.8775060084408324e-07
ne16_transient_1900.2026-02-06.clm2.h0a.1920-11.nc,2.1219231882696477e-07
ne16_transient_1900.2026-02-06.clm2.h0a.2011-06.nc,3.436242081988894e-07
ne16_transient_1900.2026-02-06.clm2.h0a.1955-12.nc,2.5039258844117285e-07
ne16_transient_1900.2026-02-06.clm2.h0a.1979-03.nc,3.0787697369305533e-07
ne16_transient_1900.2026-02-06.clm2.h0a.1905-11.nc,1.9047250532366888e-07
ne16_transient_1900.2026-02-06.clm2.h0a.1935-11.nc,2.186923921954076e-07
ne16_transient_1900.2026-02-06.clm2.h0a.1967-01.nc,2.96055702619924e-07
ne16_transient_1900.2026-02-06.clm2.h0a.1913-06.nc,1.9056508904213842e-07
ne16_transient_1900.2026-02-06.clm2.h0a.1927-06.nc,2.01864864379786e-07
ne16_transient_1900.2026-02-06.clm2.h0a.1907-01.nc,2.0508922204953706e-07
ne16_transient_1900.2026-02-06.clm2.h0a.1990-03.nc,3.524864098380931e-07
ne16_transient_1900.2026-02-06.clm2.h0a.1932-02.nc,2.445380573590228e-07
ne16_transient_1900.2026-02-06.clm2.h0a.1933-06.nc,2.0115052734581695e-07
ne16_transient_1900.2026-02-06.clm2.h0a.1912-10.nc,1.888009109052291e-07
ne16_transient_1900.2026-02-06.clm2.h0a.1970-08.nc,2.5078708176806686e-07
ne16_transient_1900.2026-02-06.clm2.h0a.2003-01.nc,3.6173295825392415e-07
ne16_transient_1900.2026-02-06.clm2.h0a.1972-12.nc,2.730073447310133e-07
ne16_transient_1900.2026-02-06.clm2.h0a.2007-07.nc,3.638189980392781e-07
ne16_transient_1900.2026-02-06.clm2.h0a.1952-06.nc,2.5429491756767675e-07
ne16_transient_1900.2026-02-06.clm2.h0a.1950-04.nc,2.478122951288242e-07
ne16_transient_1900.2026-02-06.clm2.h0a.1921-08.nc,1.7541842112223094e-07
ne16_transient_1900.2026-02-06.clm2.h0a.1982-05.nc,2.6318647883272206e-07
ne16_transient_1900.2026-02-06.clm2.h0a.2012-09.nc,4.1612130985413387e-07
ne16_transient_1900.2026-02-06.clm2.h0a.2015-02.nc,3.914155684014986e-07
ne16_transient_1900.2026-02-06.clm2.h0a.1947-05.nc,2.550523277022876e-07
ne16_transient_1900.2026-02-06.clm2.h0a.1981-03.nc,2.992540544255462e-07
ne16_transient_1900.2026-02-06.clm2.h0a.2005-02.nc,3.6899385236210946e-07
ne16_transient_1900.2026-02-06.clm2.h0a.2001-12.nc,3.414075138152839e-07
ne16_transient_1900.2026-02-06.clm2.h0a.1947-08.nc,2.0164561931323988e-07
ne16_transient_1900.2026-02-06.clm2.h0a.1956-05.nc,2.442982065531396e-07
ne16_transient_1900.2026-02-06.clm2.h0a.1951-07.nc,2.0053036564604554e-07
ne16_transient_1900.2026-02-06.clm2.h0a.1929-07.nc,1.8373150112438452e-07
ne16_transient_1900.2026-02-06.clm2.h0a.1959-12.nc,2.572578239323775e-07
ne16_transient_1900.2026-02-06.clm2.h0a.1967-09.nc,2.3134654725254222e-07
ne16_transient_1900.2026-02-06.clm2.h0a.1951-10.nc,2.094894568926975e-07
ne16_transient_1900.2026-02-06.clm2.h0a.1960-11.nc,2.642329377522401e-07
ne16_transient_1900.2026-02-06.clm2.h0a.1923-09.nc,2.033053760897019e-07
ne16_transient_1900.2026-02-06.clm2.h0a.1947-09.nc,2.1490768631338142e-07
ne16_transient_1900.2026-02-06.clm2.h0a.1915-02.nc,2.3026868234410358e-07
ne16_transient_1900.2026-02-06.clm2.h0a.1965-05.nc,3.1783133636054117e-07
ne16_transient_1900.2026-02-06.clm2.h0a.1962-09.nc,2.6079720782945515e-07
ne16_transient_1900.2026-02-06.clm2.h0a.1975-11.nc,2.804198402373004e-07
ne16_transient_1900.2026-02-06.clm2.h0a.2003-10.nc,3.033528628293425e-07
ne16_transient_1900.2026-02-06.clm2.h0a.1933-02.nc,2.2793572895807301e-07
ne16_transient_1900.2026-02-06.clm2.h0a.1970-09.nc,2.57828133953808e-07
ne16_transient_1900.2026-02-06.clm2.h0a.1960-12.nc,2.591422685327416e-07
ne16_transient_1900.2026-02-06.clm2.h0a.2002-01.nc,3.438591136273317e-07
ne16_transient_1900.2026-02-06.clm2.h0a.2000-02.nc,3.93735007264695e-07
ne16_transient_1900.2026-02-06.clm2.h0a.1918-11.nc,2.1696240537494305e-07
ne16_transient_1900.2026-02-06.clm2.h0a.1996-02.nc,3.7933435237391677e-07
ne16_transient_1900.2026-02-06.clm2.h0a.1917-09.nc,1.852271509505954e-07
ne16_transient_1900.2026-02-06.clm2.h0a.1993-12.nc,3.34620779085526e-07
ne16_transient_1900.2026-02-06.clm2.h0a.1953-08.nc,2.20714838405911e-07
ne16_transient_1900.2026-02-06.clm2.h0a.1971-01.nc,3.0418564733736275e-07
ne16_transient_1900.2026-02-06.clm2.h0a.1965-02.nc,2.7646916578305536e-07
ne16_transient_1900.2026-02-06.clm2.h0a.1971-11.nc,2.437255375298264e-07
ne16_transient_1900.2026-02-06.clm2.h0a.1909-09.nc,1.6679284442489006e-07
ne16_transient_1900.2026-02-06.clm2.h0a.1961-11.nc,2.253259339113356e-07
ne16_transient_1900.2026-02-06.clm2.h0a.2009-05.nc,3.5979073231828806e-07
ne16_transient_1900.2026-02-06.clm2.h0a.1929-09.nc,2.102276681625881e-07
ne16_transient_1900.2026-02-06.clm2.h0a.1978-12.nc,2.577814086635044e-07
ne16_transient_1900.2026-02-06.clm2.h0a.1938-08.nc,1.9691901798069011e-07
ne16_transient_1900.2026-02-06.clm2.h0a.1943-01.nc,2.3226427003919525e-07
ne16_transient_1900.2026-02-06.clm2.h0a.2001-07.nc,3.30367072365334e-07
ne16_transient_1900.2026-02-06.clm2.h0a.1973-06.nc,2.4879014404177724e-07
ne16_transient_1900.2026-02-06.clm2.h0a.1933-08.nc,1.8944018620459246e-07
ne16_transient_1900.2026-02-06.clm2.h0a.2002-03.nc,3.7912045058874355e-07
ne16_transient_1900.2026-02-06.clm2.h0a.1992-05.nc,3.305002564957249e-07
ne16_transient_1900.2026-02-06.clm2.h0a.1941-01.nc,2.347575218664133e-07
ne16_transient_1900.2026-02-06.clm2.h0a.1972-10.nc,2.4777179419288586e-07
ne16_transient_1900.2026-02-06.clm2.h0a.2004-06.nc,3.3742716709639353e-07
ne16_transient_1900.2026-02-06.clm2.h0a.1956-10.nc,2.1550319218022196e-07
ne16_transient_1900.2026-02-06.clm2.h0a.1941-04.nc,2.552726812155015e-07
ne16_transient_1900.2026-02-06.clm2.h0a.1978-10.nc,2.536939973651897e-07
ne16_transient_1900.2026-02-06.clm2.h0a.1976-03.nc,3.09005883991631e-07
ne16_transient_1900.2026-02-06.clm2.h0a.1968-04.nc,2.6430365096530295e-07
ne16_transient_1900.2026-02-06.clm2.h0a.1927-08.nc,1.965659350844362e-07
ne16_transient_1900.2026-02-06.clm2.h0a.1922-08.nc,1.882855542589823e-07
ne16_transient_1900.2026-02-06.clm2.h0a.1933-10.nc,2.2351966322275985e-07
ne16_transient_1900.2026-02-06.clm2.h0a.1971-12.nc,2.808392309816554e-07
ne16_transient_1900.2026-02-06.clm2.h0a.1970-06.nc,2.5344564846818685e-07
ne16_transient_1900.2026-02-06.clm2.h0a.2016-06.nc,3.4489465861042845e-07
ne16_transient_1900.2026-02-06.clm2.h0a.1997-12.nc,2.6893192739407823e-07
ne16_transient_1900.2026-02-06.clm2.h0a.2005-04.nc,3.7347049897107354e-07
ne16_transient_1900.2026-02-06.clm2.h0a.1910-01.nc,2.124029663264082e-07
ne16_transient_1900.2026-02-06.clm2.h0a.1912-02.nc,2.1833854191299906e-07
ne16_transient_1900.2026-02-06.clm2.h0a.1981-06.nc,2.811833326177293e-07
ne16_transient_1900.2026-02-06.clm2.h0a.1952-11.nc,2.5047691565305286e-07
ne16_transient_1900.2026-02-06.clm2.h0a.2008-11.nc,3.602335709729232e-07
ne16_transient_1900.2026-02-06.clm2.h0a.1986-06.nc,2.726374361827766e-07
ne16_transient_1900.2026-02-06.clm2.h0a.1938-12.nc,2.3423658035426342e-07
ne16_transient_1900.2026-02-06.clm2.h0a.2009-12.nc,3.3518310260660655e-07
ne16_transient_1900.2026-02-06.clm2.h0a.1936-03.nc,2.4082498839561595e-07
ne16_transient_1900.2026-02-06.clm2.h0a.2018-05.nc,3.8703083760083246e-07
ne16_transient_1900.2026-02-06.clm2.h0a.2003-12.nc,3.4664873282963526e-07
ne16_transient_1900.2026-02-06.clm2.h0a.1995-05.nc,3.161748907132278e-07
ne16_transient_1900.2026-02-06.clm2.h0a.2015-06.nc,3.693316443786898e-07
ne16_transient_1900.2026-02-06.clm2.h0a.1936-01.nc,2.3235045887304295e-07
ne16_transient_1900.2026-02-06.clm2.h0a.1909-10.nc,1.7946712205230142e-07
ne16_transient_1900.2026-02-06.clm2.h0a.2000-07.nc,3.549774874045397e-07
ne16_transient_1900.2026-02-06.clm2.h0a.1943-07.nc,2.1012601791881025e-07
ne16_transient_1900.2026-02-06.clm2.h0a.1957-05.nc,2.516947006370174e-07
ne16_transient_1900.2026-02-06.clm2.h0a.1962-02.nc,2.934851863756194e-07
ne16_transient_1900.2026-02-06.clm2.h0a.1978-05.nc,2.606015243600268e-07
ne16_transient_1900.2026-02-06.clm2.h0a.2008-02.nc,3.7444112876983127e-07
ne16_transient_1900.2026-02-06.clm2.h0a.1975-12.nc,2.602658923933632e-07
ne16_transient_1900.2026-02-06.clm2.h0a.1936-02.nc,2.2545202682522358e-07
ne16_transient_1900.2026-02-06.clm2.h0a.2016-07.nc,3.7205211356194923e-07
ne16_transient_1900.2026-02-06.clm2.h0a.2018-06.nc,3.8855401385262667e-07
ne16_transient_1900.2026-02-06.clm2.h0a.1956-06.nc,2.421810449959594e-07
ne16_transient_1900.2026-02-06.clm2.h0a.1942-01.nc,2.5686196636343084e-07
ne16_transient_1900.2026-02-06.clm2.h0a.1958-05.nc,2.7633808485916234e-07
ne16_transient_1900.2026-02-06.clm2.h0a.1985-04.nc,2.9262886869219074e-07
ne16_transient_1900.2026-02-06.clm2.h0a.1906-09.nc,1.758471768198433e-07
ne16_transient_1900.2026-02-06.clm2.h0a.1987-04.nc,3.5460527669783914e-07
ne16_transient_1900.2026-02-06.clm2.h0a.1994-01.nc,3.516798869895865e-07
ne16_transient_1900.2026-02-06.clm2.h0a.1942-03.nc,2.786804031984502e-07
ne16_transient_1900.2026-02-06.clm2.h0a.1916-01.nc,2.2421187395593734e-07
ne16_transient_1900.2026-02-06.clm2.h0a.1933-05.nc,2.2497309259961185e-07
ne16_transient_1900.2026-02-06.clm2.h0a.1967-08.nc,2.3811195148937259e-07
ne16_transient_1900.2026-02-06.clm2.h0a.1913-09.nc,1.806300957696294e-07
ne16_transient_1900.2026-02-06.clm2.h0a.1920-02.nc,2.404771066721878e-07
ne16_transient_1900.2026-02-06.clm2.h0a.1966-09.nc,2.444845108584559e-07
ne16_transient_1900.2026-02-06.clm2.h0a.1972-04.nc,2.567943226949865e-07
ne16_transient_1900.2026-02-06.clm2.h0a.1910-08.nc,1.7333267976482603e-07
ne16_transient_1900.2026-02-06.clm2.h0a.1931-10.nc,2.0328688776771742e-07
ne16_transient_1900.2026-02-06.clm2.h0a.1914-12.nc,1.9325003108860983e-07
ne16_transient_1900.2026-02-06.clm2.h0a.1946-12.nc,2.032170414167922e-07
ne16_transient_1900.2026-02-06.clm2.h0a.1972-05.nc,2.611991192225105e-07
ne16_transient_1900.2026-02-06.clm2.h0a.1928-04.nc,2.3458248676888616e-07
ne16_transient_1900.2026-02-06.clm2.h0a.1998-04.nc,3.7867960145376856e-07
ne16_transient_1900.2026-02-06.clm2.h0a.2019-03.nc,4.1108140180767805e-07
ne16_transient_1900.2026-02-06.clm2.h0a.1919-07.nc,1.6100705124699743e-07
ne16_transient_1900.2026-02-06.clm2.h0a.2020-05.nc,3.5549484778130136e-07
ne16_transient_1900.2026-02-06.clm2.h0a.1904-08.nc,1.7870341650905175e-07
ne16_transient_1900.2026-02-06.clm2.h0a.1980-11.nc,2.5318252028228017e-07
ne16_transient_1900.2026-02-06.clm2.h0a.1914-05.nc,2.3291676143344375e-07
ne16_transient_1900.2026-02-06.clm2.h0a.1945-10.nc,2.054368195558709e-07
ne16_transient_1900.2026-02-06.clm2.h0a.1989-09.nc,2.922337785093987e-07
ne16_transient_1900.2026-02-06.clm2.h0a.1937-11.nc,2.4083229277493956e-07
ne16_transient_1900.2026-02-06.clm2.h0a.1907-04.nc,2.1496977353763214e-07
ne16_transient_1900.2026-02-06.clm2.h0a.1944-03.nc,2.430596737212909e-07
ne16_transient_1900.2026-02-06.clm2.h0a.1959-09.nc,2.3105116042643203e-07
ne16_transient_1900.2026-02-06.clm2.h0a.1949-07.nc,2.064269750690073e-07
ne16_transient_1900.2026-02-06.clm2.h0a.1998-06.nc,3.725231181306299e-07
ne16_transient_1900.2026-02-06.clm2.h0a.1980-07.nc,2.8481554181780666e-07
ne16_transient_1900.2026-02-06.clm2.h0a.2008-07.nc,3.5824942301587726e-07
ne16_transient_1900.2026-02-06.clm2.h0a.1951-11.nc,2.437777766317595e-07
ne16_transient_1900.2026-02-06.clm2.h0a.2016-08.nc,4.0956871316666366e-07
ne16_transient_1900.2026-02-06.clm2.h0a.1919-04.nc,2.30647287935426e-07
ne16_transient_1900.2026-02-06.clm2.h0a.1950-01.nc,2.5259049607484485e-07
ne16_transient_1900.2026-02-06.clm2.h0a.1985-10.nc,3.0267221973190317e-07
ne16_transient_1900.2026-02-06.clm2.h0a.1917-07.nc,1.9239489290612255e-07
ne16_transient_1900.2026-02-06.clm2.h0a.1974-08.nc,2.604327562494291e-07
ne16_transient_1900.2026-02-06.clm2.h0a.1954-11.nc,2.3812025062852626e-07
ne16_transient_1900.2026-02-06.clm2.h0a.1953-11.nc,2.506403689039871e-07
ne16_transient_1900.2026-02-06.clm2.h0a.1919-02.nc,2.012674116258495e-07
ne16_transient_1900.2026-02-06.clm2.h0a.1926-07.nc,1.9747167812056432e-07
ne16_transient_1900.2026-02-06.clm2.h0a.1969-12.nc,2.7226724341744557e-07
ne16_transient_1900.2026-02-06.clm2.h0a.1929-06.nc,2.0654103138895152e-07
ne16_transient_1900.2026-02-06.clm2.h0a.1973-03.nc,3.3801666177168954e-07
ne16_transient_1900.2026-02-06.clm2.h0a.1922-11.nc,1.975209329430072e-07
ne16_transient_1900.2026-02-06.clm2.h0a.1963-05.nc,2.5025823902069533e-07
ne16_transient_1900.2026-02-06.clm2.h0a.1987-07.nc,3.0604189760197187e-07
ne16_transient_1900.2026-02-06.clm2.h0a.1929-03.nc,2.2643999386673386e-07
ne16_transient_1900.2026-02-06.clm2.h0a.1911-12.nc,1.940010179168894e-07
ne16_transient_1900.2026-02-06.clm2.h0a.1954-06.nc,2.2224487850053265e-07
ne16_transient_1900.2026-02-06.clm2.h0a.1923-10.nc,2.019785227957982e-07
ne16_transient_1900.2026-02-06.clm2.h0a.1920-04.nc,2.3807692173249961e-07
ne16_transient_1900.2026-02-06.clm2.h0a.1931-09.nc,2.0002921985451394e-07
ne16_transient_1900.2026-02-06.clm2.h0a.1928-05.nc,2.226035178409802e-07
ne16_transient_1900.2026-02-06.clm2.h0a.1924-04.nc,2.4819516397656116e-07
ne16_transient_1900.2026-02-06.clm2.h0a.1957-02.nc,2.6843773071050236e-07
ne16_transient_1900.2026-02-06.clm2.h0a.1902-11.nc,1.8987319094776467e-07
ne16_transient_1900.2026-02-06.clm2.h0a.1916-02.nc,2.38339964653278e-07
ne16_transient_1900.2026-02-06.clm2.h0a.2004-11.nc,3.215408526102692e-07
ne16_transient_1900.2026-02-06.clm2.h0a.2012-12.nc,3.6505656453300617e-07
ne16_transient_1900.2026-02-06.clm2.h0a.1972-02.nc,2.902854703279445e-07
ne16_transient_1900.2026-02-06.clm2.h0a.1976-06.nc,2.674320853657264e-07
ne16_transient_1900.2026-02-06.clm2.h0a.1953-04.nc,2.6642985062608204e-07
ne16_transient_1900.2026-02-06.clm2.h0a.1962-06.nc,2.442631625854119e-07
ne16_transient_1900.2026-02-06.clm2.h0a.2009-07.nc,3.3289964562754903e-07
ne16_transient_1900.2026-02-06.clm2.h0a.2020-01.nc,3.541339026469359e-07
ne16_transient_1900.2026-02-06.clm2.h0a.2003-04.nc,3.640134309534915e-07
ne16_transient_1900.2026-02-06.clm2.h0a.1992-06.nc,3.1028906732899486e-07
ne16_transient_1900.2026-02-06.clm2.h0a.1926-08.nc,1.8985178940056358e-07
ne16_transient_1900.2026-02-06.clm2.h0a.1901-02.nc,1.8695351400310756e-07
ne16_transient_1900.2026-02-06.clm2.h0a.1942-10.nc,2.1399856109383109e-07
ne16_transient_1900.2026-02-06.clm2.h0a.2008-09.nc,3.7016170040260477e-07
ne16_transient_1900.2026-02-06.clm2.h0a.1976-11.nc,1.9802362771770277e-07
ne16_transient_1900.2026-02-06.clm2.h0a.1975-03.nc,2.928313165284635e-07
ne16_transient_1900.2026-02-06.clm2.h0a.1911-04.nc,2.2721417280990863e-07
ne16_transient_1900.2026-02-06.clm2.h0a.1988-04.nc,3.152050283006247e-07
ne16_transient_1900.2026-02-06.clm2.h0a.1923-01.nc,2.2652254472177447e-07
ne16_transient_1900.2026-02-06.clm2.h0a.1973-12.nc,2.696103820198914e-07
ne16_transient_1900.2026-02-06.clm2.h0a.1982-09.nc,3.142665150335233e-07
ne16_transient_1900.2026-02-06.clm2.h0a.1966-03.nc,2.990550171944051e-07
ne16_transient_1900.2026-02-06.clm2.h0a.1985-01.nc,3.1206349149215384e-07
ne16_transient_1900.2026-02-06.clm2.h0a.2004-09.nc,3.6104034961681464e-07
ne16_transient_1900.2026-02-06.clm2.h0a.1932-08.nc,1.9176957266608952e-07
ne16_transient_1900.2026-02-06.clm2.h0a.1964-06.nc,2.2725023995917581e-07
ne16_transient_1900.2026-02-06.clm2.h0a.1996-12.nc,3.2134514071913145e-07
ne16_transient_1900.2026-02-06.clm2.h0a.1937-07.nc,1.9367564618733013e-07
ne16_transient_1900.2026-02-06.clm2.h0a.1979-06.nc,2.513308743345988e-07
ne16_transient_1900.2026-02-06.clm2.h0a.1910-06.nc,1.9796291894635942e-07
ne16_transient_1900.2026-02-06.clm2.h0a.2008-01.nc,3.998671047611424e-07
ne16_transient_1900.2026-02-06.clm2.h0a.1938-03.nc,2.388933637575974e-07
ne16_transient_1900.2026-02-06.clm2.h0a.2020-03.nc,3.8394682633224875e-07
ne16_transient_1900.2026-02-06.clm2.h0a.1987-02.nc,3.5242672424828925e-07
ne16_transient_1900.2026-02-06.clm2.h0a.1911-02.nc,2.3256049530573364e-07
ne16_transient_1900.2026-02-06.clm2.h0a.1959-04.nc,2.764669488897198e-07
ne16_transient_1900.2026-02-06.clm2.h0a.1931-12.nc,2.1537566397000774e-07
ne16_transient_1900.2026-02-06.clm2.h0a.2004-07.nc,3.258146819007379e-07
ne16_transient_1900.2026-02-06.clm2.h0a.1956-07.nc,1.960467415074163e-07
ne16_transient_1900.2026-02-06.clm2.h0a.2009-01.nc,4.025071689284232e-07
ne16_transient_1900.2026-02-06.clm2.h0a.1978-11.nc,2.408780233054131e-07
ne16_transient_1900.2026-02-06.clm2.h0a.1926-01.nc,2.1351479517761618e-07
ne16_transient_1900.2026-02-06.clm2.h0a.1904-05.nc,2.1613165301914705e-07
ne16_transient_1900.2026-02-06.clm2.h0a.1979-12.nc,2.8690237741102464e-07
ne16_transient_1900.2026-02-06.clm2.h0a.2018-04.nc,3.502936749555374e-07
ne16_transient_1900.2026-02-06.clm2.h0a.1952-04.nc,2.583478817541618e-07
ne16_transient_1900.2026-02-06.clm2.h0a.1946-06.nc,2.257276321415702e-07
ne16_transient_1900.2026-02-06.clm2.h0a.1940-08.nc,1.9542942197858792e-07
ne16_transient_1900.2026-02-06.clm2.h0a.1963-02.nc,2.73516519655459e-07
ne16_transient_1900.2026-02-06.clm2.h0a.2005-05.nc,3.343538708122651e-07
ne16_transient_1900.2026-02-06.clm2.h0a.1933-07.nc,1.7544256536439207e-07
ne16_transient_1900.2026-02-06.clm2.h0a.1908-12.nc,2.13487709288529e-07
ne16_transient_1900.2026-02-06.clm2.h0a.1905-09.nc,1.643291227537702e-07
ne16_transient_1900.2026-02-06.clm2.h0a.1979-01.nc,2.9978508564454387e-07
ne16_transient_1900.2026-02-06.clm2.h0a.2017-04.nc,3.685983926970948e-07
ne16_transient_1900.2026-02-06.clm2.h0a.1951-04.nc,2.5220478505616484e-07
ne16_transient_1900.2026-02-06.clm2.h0a.1912-04.nc,2.3792382819465274e-07
ne16_transient_1900.2026-02-06.clm2.h0a.1954-08.nc,2.09162649866812e-07
ne16_transient_1900.2026-02-06.clm2.h0a.1949-04.nc,2.577134239345469e-07
ne16_transient_1900.2026-02-06.clm2.h0a.1955-04.nc,2.609483260584966e-07
ne16_transient_1900.2026-02-06.clm2.h0a.1924-07.nc,1.8439961024796503e-07
ne16_transient_1900.2026-02-06.clm2.h0a.1939-02.nc,2.4066056880656106e-07
ne16_transient_1900.2026-02-06.clm2.h0a.1904-09.nc,1.7511770522560255e-07
ne16_transient_1900.2026-02-06.clm2.h0a.1962-07.nc,2.3621399236617435e-07
ne16_transient_1900.2026-02-06.clm2.h0a.1958-11.nc,2.493346187293355e-07
ne16_transient_1900.2026-02-06.clm2.h0a.1981-10.nc,2.641506000600202e-07
ne16_transient_1900.2026-02-06.clm2.h0a.1912-09.nc,1.7760427795110445e-07
ne16_transient_1900.2026-02-06.clm2.h0a.1963-07.nc,2.196482284944068e-07
ne16_transient_1900.2026-02-06.clm2.h0a.1957-11.nc,2.3580004437917523e-07
ne16_transient_1900.2026-02-06.clm2.h0a.2003-06.nc,3.460182540493406e-07
ne16_transient_1900.2026-02-06.clm2.h0a.1916-09.nc,1.8490099762402679e-07
ne16_transient_1900.2026-02-06.clm2.h0a.1987-09.nc,3.219620623440278e-07
ne16_transient_1900.2026-02-06.clm2.h0a.2017-08.nc,4.14714577345876e-07
ne16_transient_1900.2026-02-06.clm2.h0a.1949-01.nc,2.5931788627531205e-07
ne16_transient_1900.2026-02-06.clm2.h0a.1951-12.nc,2.3769003121287824e-07
ne16_transient_1900.2026-02-06.clm2.h0a.1981-02.nc,3.117724531875865e-07
ne16_transient_1900.2026-02-06.clm2.h0a.1988-07.nc,2.49455894163475e-07
ne16_transient_1900.2026-02-06.clm2.h0a.1960-01.nc,2.7497983978719276e-07
ne16_transient_1900.2026-02-06.clm2.h0a.1946-03.nc,2.7328027840667346e-07
ne16_transient_1900.2026-02-06.clm2.h0a.2000-11.nc,2.922461135312915e-07
ne16_transient_1900.2026-02-06.clm2.h0a.1911-07.nc,1.939219345103993e-07
ne16_transient_1900.2026-02-06.clm2.h0a.1927-05.nc,2.5159727101708995e-07
ne16_transient_1900.2026-02-06.clm2.h0a.1943-11.nc,2.4000627263376373e-07
ne16_transient_1900.2026-02-06.clm2.h0a.1977-10.nc,2.369166338667128e-07
ne16_transient_1900.2026-02-06.clm2.h0a.1940-01.nc,2.4326604375346506e-07
ne16_transient_1900.2026-02-06.clm2.h0a.1936-09.nc,1.9829332131848787e-07
ne16_transient_1900.2026-02-06.clm2.h0a.1937-02.nc,2.3719721298220975e-07
ne16_transient_1900.2026-02-06.clm2.h0a.2016-05.nc,3.6052239238415495e-07
ne16_transient_1900.2026-02-06.clm2.h0a.1999-08.nc,3.6223130450707686e-07
ne16_transient_1900.2026-02-06.clm2.h0a.1940-06.nc,2.0285014556975511e-07
ne16_transient_1900.2026-02-06.clm2.h0a.1941-09.nc,1.9884990365426347e-07
ne16_transient_1900.2026-02-06.clm2.h0a.1944-11.nc,2.2900695739735966e-07
ne16_transient_1900.2026-02-06.clm2.h0a.1998-10.nc,2.825630645020283e-07
ne16_transient_1900.2026-02-06.clm2.h0a.2014-02.nc,4.117726177810255e-07
ne16_transient_1900.2026-02-06.clm2.h0a.1940-12.nc,2.217256422909486e-07
ne16_transient_1900.2026-02-06.clm2.h0a.1990-11.nc,3.102425694123667e-07
ne16_transient_1900.2026-02-06.clm2.h0a.1991-08.nc,3.2947389172477415e-07
ne16_transient_1900.2026-02-06.clm2.h0a.1980-01.nc,3.1461314620173653e-07
ne16_transient_1900.2026-02-06.clm2.h0a.1958-10.nc,2.3470651910884044e-07
ne16_transient_1900.2026-02-06.clm2.h0a.1927-10.nc,1.9301133136195858e-07
ne16_transient_1900.2026-02-06.clm2.h0a.1915-05.nc,2.0202169537242298e-07
ne16_transient_1900.2026-02-06.clm2.h0a.1975-02.nc,2.79929111002275e-07
ne16_transient_1900.2026-02-06.clm2.h0a.2006-04.nc,3.588805270737794e-07
ne16_transient_1900.2026-02-06.clm2.h0a.2010-09.nc,3.8632308019259654e-07
ne16_transient_1900.2026-02-06.clm2.h0a.1934-02.nc,2.3193840092972096e-07
ne16_transient_1900.2026-02-06.clm2.h0a.1937-03.nc,2.5501469735900173e-07
ne16_transient_1900.2026-02-06.clm2.h0a.1971-04.nc,2.818862867570715e-07
ne16_transient_1900.2026-02-06.clm2.h0a.1988-12.nc,3.0353541546901397e-07
ne16_transient_1900.2026-02-06.clm2.h0a.1997-04.nc,2.818597408804635e-07
ne16_transient_1900.2026-02-06.clm2.h0a.1922-10.nc,1.8053177086585492e-07
ne16_transient_1900.2026-02-06.clm2.h0a.1904-02.nc,2.2728988824383123e-07
ne16_transient_1900.2026-02-06.clm2.h0a.2004-08.nc,3.4690663142100675e-07
ne16_transient_1900.2026-02-06.clm2.h0a.1915-09.nc,1.999294454435585e-07
ne16_transient_1900.2026-02-06.clm2.h0a.1991-05.nc,3.22029563903925e-07
ne16_transient_1900.2026-02-06.clm2.h0a.1944-08.nc,2.1489556445430935e-07
ne16_transient_1900.2026-02-06.clm2.h0a.1954-12.nc,2.4723297542550426e-07
ne16_transient_1900.2026-02-06.clm2.h0a.2005-12.nc,3.614289312281471e-07
ne16_transient_1900.2026-02-06.clm2.h0a.1966-07.nc,2.485889467607194e-07
ne16_transient_1900.2026-02-06.clm2.h0a.1995-06.nc,3.441455760366807e-07
ne16_transient_1900.2026-02-06.clm2.h0a.1967-07.nc,2.480206546806585e-07
ne16_transient_1900.2026-02-06.clm2.h0a.1999-09.nc,3.3089207818193245e-07
ne16_transient_1900.2026-02-06.clm2.h0a.1911-11.nc,1.8157986403366522e-07
ne16_transient_1900.2026-02-06.clm2.h0a.1989-07.nc,2.622441286348476e-07
ne16_transient_1900.2026-02-06.clm2.h0a.1918-07.nc,1.6896156296297704e-07
ne16_transient_1900.2026-02-06.clm2.h0a.2000-10.nc,3.058321738080849e-07
ne16_transient_1900.2026-02-06.clm2.h0a.1951-02.nc,2.6894738880400837e-07
ne16_transient_1900.2026-02-06.clm2.h0a.1995-07.nc,3.301397271116002e-07
ne16_transient_1900.2026-02-06.clm2.h0a.1958-04.nc,2.522660906834062e-07
ne16_transient_1900.2026-02-06.clm2.h0a.1993-10.nc,3.011269313901721e-07
ne16_transient_1900.2026-02-06.clm2.h0a.1983-08.nc,2.790542907860072e-07
ne16_transient_1900.2026-02-06.clm2.h0a.1935-07.nc,2.1470688693625561e-07
ne16_transient_1900.2026-02-06.clm2.h0a.1903-10.nc,1.6392436918977182e-07
ne16_transient_1900.2026-02-06.clm2.h0a.1948-07.nc,1.8795807932292519e-07
ne16_transient_1900.2026-02-06.clm2.h0a.1929-10.nc,2.0471838979574386e-07
ne16_transient_1900.2026-02-06.clm2.h0a.1948-02.nc,2.4744451820879476e-07
ne16_transient_1900.2026-02-06.clm2.h0a.1921-02.nc,2.0910371745230805e-07
ne16_transient_1900.2026-02-06.clm2.h0a.2010-02.nc,3.672819843814068e-07
ne16_transient_1900.2026-02-06.clm2.h0a.1944-10.nc,2.0744754181123426e-07
ne16_transient_1900.2026-02-06.clm2.h0a.1957-07.nc,2.0715728510367626e-07
ne16_transient_1900.2026-02-06.clm2.h0a.1957-09.nc,2.5843505113698484e-07
ne16_transient_1900.2026-02-06.clm2.h0a.1960-03.nc,2.6786730700223416e-07
ne16_transient_1900.2026-02-06.clm2.h0a.2015-09.nc,4.0082008467834385e-07
ne16_transient_1900.2026-02-06.clm2.h0a.1970-01.nc,2.833601797647134e-07
ne16_transient_1900.2026-02-06.clm2.h0a.1925-05.nc,2.0378584508762287e-07
ne16_transient_1900.2026-02-06.clm2.h0a.1942-04.nc,2.3364161449990206e-07
ne16_transient_1900.2026-02-06.clm2.h0a.1915-12.nc,2.0965281066764874e-07
ne16_transient_1900.2026-02-06.clm2.h0a.1990-10.nc,2.807544490224245e-07
ne16_transient_1900.2026-02-06.clm2.h0a.1977-01.nc,2.7454348128230777e-07
ne16_transient_1900.2026-02-06.clm2.h0a.2019-02.nc,3.9766661075191223e-07
ne16_transient_1900.2026-02-06.clm2.h0a.2004-12.nc,3.607796941196284e-07
ne16_transient_1900.2026-02-06.clm2.h0a.1936-04.nc,2.3989915121092054e-07
ne16_transient_1900.2026-02-06.clm2.h0a.1928-07.nc,2.058089592082979e-07
ne16_transient_1900.2026-02-06.clm2.h0a.2001-05.nc,3.591674158087699e-07
ne16_transient_1900.2026-02-06.clm2.h0a.2018-03.nc,3.7031901456430205e-07
ne16_transient_1900.2026-02-06.clm2.h0a.1944-12.nc,2.4177018076443346e-07
ne16_transient_1900.2026-02-06.clm2.h0a.1997-06.nc,2.666426723862969e-07
ne16_transient_1900.2026-02-06.clm2.h0a.1925-08.nc,1.812945384926934e-07
ne16_transient_1900.2026-02-06.clm2.h0a.1952-05.nc,2.40628537540033e-07
ne16_transient_1900.2026-02-06.clm2.h0a.1917-08.nc,1.728965628444712e-07
ne16_transient_1900.2026-02-06.clm2.h0a.1968-10.nc,2.738712225891504e-07
ne16_transient_1900.2026-02-06.clm2.h0a.1958-07.nc,1.899797013038551e-07
ne16_transient_1900.2026-02-06.clm2.h0a.1919-11.nc,1.906361006831503e-07
ne16_transient_1900.2026-02-06.clm2.h0a.1929-05.nc,2.2851475023344392e-07
ne16_transient_1900.2026-02-06.clm2.h0a.2014-06.nc,3.686039633521432e-07
ne16_transient_1900.2026-02-06.clm2.h0a.2020-09.nc,4.332809453444497e-07
ne16_transient_1900.2026-02-06.clm2.h0a.1988-08.nc,3.13742901880687e-07
ne16_transient_1900.2026-02-06.clm2.h0a.2009-03.nc,4.078083577496727e-07
ne16_transient_1900.2026-02-06.clm2.h0a.1909-11.nc,2.0673762435308163e-07
ne16_transient_1900.2026-02-06.clm2.h0a.1965-12.nc,2.6186066293121257e-07
ne16_transient_1900.2026-02-06.clm2.h0a.1918-06.nc,1.8689519265535637e-07
ne16_transient_1900.2026-02-06.clm2.h0a.1968-06.nc,2.3004170657259237e-07
ne16_transient_1900.2026-02-06.clm2.h0a.1901-12.nc,1.918003107448385e-07
ne16_transient_1900.2026-02-06.clm2.h0a.1927-01.nc,2.3255283565504214e-07
ne16_transient_1900.2026-02-06.clm2.h0a.2013-07.nc,3.6787011481465015e-07
ne16_transient_1900.2026-02-06.clm2.h0a.2006-01.nc,4.0034080939221894e-07
ne16_transient_1900.2026-02-06.clm2.h0a.1969-10.nc,2.340467091244136e-07
ne16_transient_1900.2026-02-06.clm2.h0a.1975-06.nc,2.598765718175855e-07
ne16_transient_1900.2026-02-06.clm2.h0a.1980-05.nc,3.0786659976911324e-07
ne16_transient_1900.2026-02-06.clm2.h0a.1965-07.nc,2.2985912551121146e-07
ne16_transient_1900.2026-02-06.clm2.h0a.1944-05.nc,2.576106226115371e-07
ne16_transient_1900.2026-02-06.clm2.h0a.1917-11.nc,2.0420014834598987e-07
ne16_transient_1900.2026-02-06.clm2.h0a.2013-10.nc,3.0503480275001493e-07
ne16_transient_1900.2026-02-06.clm2.h0a.1922-03.nc,2.5408260739823163e-07
ne16_transient_1900.2026-02-06.clm2.h0a.1905-07.nc,1.8127207113138866e-07
ne16_transient_1900.2026-02-06.clm2.h0a.2016-10.nc,3.3084151596085576e-07
ne16_transient_1900.2026-02-06.clm2.h0a.1967-06.nc,2.4137185050676635e-07
ne16_transient_1900.2026-02-06.clm2.h0a.2020-12.nc,3.538322346230416e-07
ne16_transient_1900.2026-02-06.clm2.h0a.1904-11.nc,2.0923555155150098e-07
ne16_transient_1900.2026-02-06.clm2.h0a.1952-12.nc,2.5229135758308985e-07
ne16_transient_1900.2026-02-06.clm2.h0a.1936-07.nc,1.8147999014672678e-07
ne16_transient_1900.2026-02-06.clm2.h0a.1995-01.nc,3.6065588915334956e-07
ne16_transient_1900.2026-02-06.clm2.h0a.1964-07.nc,2.1680602912965696e-07
ne16_transient_1900.2026-02-06.clm2.h0a.1977-05.nc,2.5578901841072366e-07
ne16_transient_1900.2026-02-06.clm2.h0a.1928-06.nc,2.4095575668070524e-07
ne16_transient_1900.2026-02-06.clm2.h0a.1921-10.nc,2.0319397719958943e-07
ne16_transient_1900.2026-02-06.clm2.h0a.1959-08.nc,2.100086504697174e-07
ne16_transient_1900.2026-02-06.clm2.h0a.1947-01.nc,2.2940889721212443e-07
ne16_transient_1900.2026-02-06.clm2.h0a.2011-08.nc,3.759609512599127e-07
ne16_transient_1900.2026-02-06.clm2.h0a.1949-05.nc,2.475085807418509e-07
ne16_transient_1900.2026-02-06.clm2.h0a.2007-05.nc,3.508267809593235e-07
ne16_transient_1900.2026-02-06.clm2.h0a.1949-11.nc,2.5913084300555056e-07
ne16_transient_1900.2026-02-06.clm2.h0a.1932-07.nc,1.8667546441974991e-07
ne16_transient_1900.2026-02-06.clm2.h0a.1922-04.nc,2.587386518371204e-07
ne16_transient_1900.2026-02-06.clm2.h0a.1937-09.nc,2.0495190256042406e-07
ne16_transient_1900.2026-02-06.clm2.h0a.1990-01.nc,3.4064075293827045e-07
ne16_transient_1900.2026-02-06.clm2.h0a.1994-08.nc,3.502718470826949e-07
ne16_transient_1900.2026-02-06.clm2.h0a.1981-09.nc,2.755429875378468e-07
ne16_transient_1900.2026-02-06.clm2.h0a.1940-05.nc,2.4209640514527564e-07
ne16_transient_1900.2026-02-06.clm2.h0a.2017-02.nc,4.086882654519286e-07
ne16_transient_1900.2026-02-06.clm2.h0a.2005-09.nc,3.8296929005809943e-07
ne16_transient_1900.2026-02-06.clm2.h0a.1925-09.nc,1.709915409264795e-07
ne16_transient_1900.2026-02-06.clm2.h0a.1909-06.nc,1.96987983258623e-07
ne16_transient_1900.2026-02-06.clm2.h0a.1916-03.nc,2.2968870894146676e-07
ne16_transient_1900.2026-02-06.clm2.h0a.1974-03.nc,2.942743719813734e-07
ne16_transient_1900.2026-02-06.clm2.h0a.1924-01.nc,2.2547675371242804e-07
ne16_transient_1900.2026-02-06.clm2.h0a.2007-03.nc,3.95197019997795e-07
ne16_transient_1900.2026-02-06.clm2.h0a.1942-05.nc,2.3301961959987239e-07
ne16_transient_1900.2026-02-06.clm2.h0a.1981-04.nc,2.954251954179199e-07
ne16_transient_1900.2026-02-06.clm2.h0a.1940-03.nc,2.644044627686526e-07
ne16_transient_1900.2026-02-06.clm2.h0a.1948-03.nc,2.514682080345665e-07
ne16_transient_1900.2026-02-06.clm2.h0a.1914-07.nc,1.5948108966767904e-07
ne16_transient_1900.2026-02-06.clm2.h0a.1986-10.nc,2.2450588232914015e-07
ne16_transient_1900.2026-02-06.clm2.h0a.1915-07.nc,1.6266636748696328e-07
ne16_transient_1900.2026-02-06.clm2.h0a.1922-05.nc,2.230534335012635e-07
ne16_transient_1900.2026-02-06.clm2.h0a.1969-02.nc,2.913841683493956e-07
ne16_transient_1900.2026-02-06.clm2.h0a.1923-07.nc,1.7865113477455452e-07
ne16_transient_1900.2026-02-06.clm2.h0a.1994-02.nc,3.473240610674111e-07
ne16_transient_1900.2026-02-06.clm2.h0a.1974-09.nc,2.3476562205360096e-07
ne16_transient_1900.2026-02-06.clm2.h0a.2020-07.nc,3.818083200712863e-07
ne16_transient_1900.2026-02-06.clm2.h0a.1953-07.nc,1.988497331240069e-07
ne16_transient_1900.2026-02-06.clm2.h0a.2005-07.nc,3.3898803053489246e-07
ne16_transient_1900.2026-02-06.clm2.h0a.1922-06.nc,1.9242244775341533e-07
ne16_transient_1900.2026-02-06.clm2.h0a.2012-02.nc,3.90413646300658e-07
ne16_transient_1900.2026-02-06.clm2.h0a.1928-02.nc,2.3825791117815243e-07
ne16_transient_1900.2026-02-06.clm2.h0a.1958-03.nc,2.823557281317335e-07
ne16_transient_1900.2026-02-06.clm2.h0a.1985-03.nc,3.442177103352151e-07
ne16_transient_1900.2026-02-06.clm2.h0a.1916-12.nc,2.0217929375121457e-07
ne16_transient_1900.2026-02-06.clm2.h0a.1946-08.nc,2.0994008309571655e-07
ne16_transient_1900.2026-02-06.clm2.h0a.1937-01.nc,2.528478830754466e-07
ne16_transient_1900.2026-02-06.clm2.h0a.1918-09.nc,1.9257988981280505e-07
ne16_transient_1900.2026-02-06.clm2.h0a.1927-12.nc,2.094010227438048e-07
ne16_transient_1900.2026-02-06.clm2.h0a.1905-05.nc,2.0244659992840752e-07
ne16_transient_1900.2026-02-06.clm2.h0a.1995-10.nc,3.2394873983321304e-07
ne16_transient_1900.2026-02-06.clm2.h0a.1904-01.nc,1.9691593422521692e-07
ne16_transient_1900.2026-02-06.clm2.h0a.1967-11.nc,2.3557443284971669e-07
ne16_transient_1900.2026-02-06.clm2.h0a.1999-06.nc,3.558963044270058e-07
ne16_transient_1900.2026-02-06.clm2.h0a.1968-12.nc,2.5915016976796323e-07
ne16_transient_1900.2026-02-06.clm2.h0a.1950-02.nc,2.5582340867913445e-07
ne16_transient_1900.2026-02-06.clm2.h0a.1990-05.nc,2.8762843840013375e-07
ne16_transient_1900.2026-02-06.clm2.h0a.1940-04.nc,2.568144452652632e-07
ne16_transient_1900.2026-02-06.clm2.h0a.1973-10.nc,2.123380795637786e-07
ne16_transient_1900.2026-02-06.clm2.h0a.2013-08.nc,4.0996863504005887e-07
ne16_transient_1900.2026-02-06.clm2.h0a.1943-06.nc,1.9473884549370268e-07
ne16_transient_1900.2026-02-06.clm2.h0a.1932-10.nc,1.9692653552283446e-07
ne16_transient_1900.2026-02-06.clm2.h0a.1905-10.nc,1.9106101944998954e-07
ne16_transient_1900.2026-02-06.clm2.h0a.1927-11.nc,2.1752637735517055e-07
ne16_transient_1900.2026-02-06.clm2.h0a.1910-05.nc,2.3069236476658261e-07
ne16_transient_1900.2026-02-06.clm2.h0a.1931-06.nc,2.3492630418786575e-07
ne16_transient_1900.2026-02-06.clm2.h0a.1945-01.nc,2.32581783166097e-07
ne16_transient_1900.2026-02-06.clm2.h0a.1930-07.nc,1.7240975580534723e-07
ne16_transient_1900.2026-02-06.clm2.h0a.1909-02.nc,2.1954760143216845e-07
ne16_transient_1900.2026-02-06.clm2.h0a.1919-05.nc,2.2901974716660334e-07
ne16_transient_1900.2026-02-06.clm2.h0a.1916-08.nc,1.7795474605009076e-07
ne16_transient_1900.2026-02-06.clm2.h0a.2003-08.nc,3.856615933273133e-07
ne16_transient_1900.2026-02-06.clm2.h0a.1980-06.nc,2.596344472749479e-07
ne16_transient_1900.2026-02-06.clm2.h0a.1959-05.nc,2.487126948835794e-07
ne16_transient_1900.2026-02-06.clm2.h0a.1921-07.nc,1.7986189959628973e-07
ne16_transient_1900.2026-02-06.clm2.h0a.1954-10.nc,2.3028142948078312e-07
ne16_transient_1900.2026-02-06.clm2.h0a.1969-08.nc,2.5220620614163636e-07
ne16_transient_1900.2026-02-06.clm2.h0a.1945-06.nc,2.2488296735900803e-07
ne16_transient_1900.2026-02-06.clm2.h0a.1955-06.nc,2.252702131499973e-07
ne16_transient_1900.2026-02-06.clm2.h0a.1960-07.nc,2.0077034434962115e-07
ne16_transient_1900.2026-02-06.clm2.h0a.1947-10.nc,2.0427964386726671e-07
ne16_transient_1900.2026-02-06.clm2.h0a.1960-02.nc,2.8729024847962137e-07
ne16_transient_1900.2026-02-06.clm2.h0a.1992-09.nc,3.144847653402394e-07
ne16_transient_1900.2026-02-06.clm2.h0a.1921-09.nc,1.8282460700902448e-07
ne16_transient_1900.2026-02-06.clm2.h0a.1901-11.nc,2.0190128680042108e-07
ne16_transient_1900.2026-02-06.clm2.h0a.1940-07.nc,1.8800216139425174e-07
ne16_transient_1900.2026-02-06.clm2.h0a.1925-02.nc,2.2358325679761037e-07
ne16_transient_1900.2026-02-06.clm2.h0a.2016-01.nc,3.7954458775857347e-07
ne16_transient_1900.2026-02-06.clm2.h0a.1992-02.nc,3.479981671716814e-07
ne16_transient_1900.2026-02-06.clm2.h0a.1912-07.nc,1.65382928685176e-07
ne16_transient_1900.2026-02-06.clm2.h0a.1903-04.nc,2.307020849912078e-07
ne16_transient_1900.2026-02-06.clm2.h0a.1911-10.nc,1.85404957164792e-07
ne16_transient_1900.2026-02-06.clm2.h0a.1990-08.nc,3.207930205917364e-07
ne16_transient_1900.2026-02-06.clm2.h0a.1908-05.nc,2.4773373752395855e-07
ne16_transient_1900.2026-02-06.clm2.h0a.1985-07.nc,2.718956011449336e-07
ne16_transient_1900.2026-02-06.clm2.h0a.1968-03.nc,2.455361425290903e-07
ne16_transient_1900.2026-02-06.clm2.h0a.2001-03.nc,3.466614657554601e-07
ne16_transient_1900.2026-02-06.clm2.h0a.1986-03.nc,3.4036918350466294e-07
ne16_transient_1900.2026-02-06.clm2.h0a.1938-11.nc,2.1185384468935808e-07
ne16_transient_1900.2026-02-06.clm2.h0a.2007-04.nc,3.7169502320466563e-07
ne16_transient_1900.2026-02-06.clm2.h0a.2002-06.nc,3.331775246806501e-07
ne16_transient_1900.2026-02-06.clm2.h0a.1986-07.nc,2.9166386639190023e-07
ne16_transient_1900.2026-02-06.clm2.h0a.1992-10.nc,3.17075688371915e-07
ne16_transient_1900.2026-02-06.clm2.h0a.1940-09.nc,2.0714318793579878e-07
ne16_transient_1900.2026-02-06.clm2.h0a.1959-06.nc,2.3306429852709698e-07
ne16_transient_1900.2026-02-06.clm2.h0a.1976-12.nc,2.6842099032364786e-07
ne16_transient_1900.2026-02-06.clm2.h0a.1950-06.nc,2.3228449208545499e-07
ne16_transient_1900.2026-02-06.clm2.h0a.2017-12.nc,3.771156116272323e-07
ne16_transient_1900.2026-02-06.clm2.h0a.1965-06.nc,2.692943041893159e-07
ne16_transient_1900.2026-02-06.clm2.h0a.1978-02.nc,2.7542452585294086e-07
ne16_transient_1900.2026-02-06.clm2.h0a.1957-01.nc,2.557867162522598e-07
ne16_transient_1900.2026-02-06.clm2.h0a.1998-05.nc,3.7795533103235357e-07
ne16_transient_1900.2026-02-06.clm2.h0a.1997-07.nc,3.138929400847701e-07
ne16_transient_1900.2026-02-06.clm2.h0a.1920-03.nc,2.3266724724635424e-07
ne16_transient_1900.2026-02-06.clm2.h0a.2005-06.nc,3.48249074022533e-07
ne16_transient_1900.2026-02-06.clm2.h0a.1932-09.nc,2.004401125077493e-07
ne16_transient_1900.2026-02-06.clm2.h0a.1963-01.nc,2.502150096006517e-07
ne16_transient_1900.2026-02-06.clm2.h0a.1989-08.nc,2.847815494533279e-07
ne16_transient_1900.2026-02-06.clm2.h0a.1912-08.nc,1.7718737410632457e-07
ne16_transient_1900.2026-02-06.clm2.h0a.1941-11.nc,2.156419469656612e-07
ne16_transient_1900.2026-02-06.clm2.h0a.1985-09.nc,3.0010767204657895e-07
ne16_transient_1900.2026-02-06.clm2.h0a.1982-04.nc,2.7746835939979064e-07
ne16_transient_1900.2026-02-06.clm2.h0a.1929-01.nc,2.226674666871986e-07
ne16_transient_1900.2026-02-06.clm2.h0a.1965-08.nc,2.4506991280759394e-07
ne16_transient_1900.2026-02-06.clm2.h0a.2008-04.nc,3.483459067865624e-07
ne16_transient_1900.2026-02-06.clm2.h0a.1971-06.nc,2.396397178472398e-07
ne16_transient_1900.2026-02-06.clm2.h0a.1961-05.nc,2.7208221808905364e-07
ne16_transient_1900.2026-02-06.clm2.h0a.1980-12.nc,2.882761975797621e-07
ne16_transient_1900.2026-02-06.clm2.h0a.1958-02.nc,2.510442129732837e-07
ne16_transient_1900.2026-02-06.clm2.h0a.1989-01.nc,3.5375930451664317e-07
ne16_transient_1900.2026-02-06.clm2.h0a.1995-11.nc,3.2743602673690475e-07
ne16_transient_1900.2026-02-06.clm2.h0a.1998-01.nc,3.264097472310823e-07
ne16_transient_1900.2026-02-06.clm2.h0a.2018-10.nc,3.287868821644224e-07
ne16_transient_1900.2026-02-06.clm2.h0a.1983-11.nc,2.951096291781141e-07
ne16_transient_1900.2026-02-06.clm2.h0a.2003-07.nc,3.4407429438942927e-07
ne16_transient_1900.2026-02-06.clm2.h0a.1908-03.nc,2.3740398091831594e-07
ne16_transient_1900.2026-02-06.clm2.h0a.1937-10.nc,1.9986592292298155e-07
ne16_transient_1900.2026-02-06.clm2.h0a.1913-03.nc,2.4028167899814434e-07
ne16_transient_1900.2026-02-06.clm2.h0a.1918-08.nc,1.849283961519177e-07
ne16_transient_1900.2026-02-06.clm2.h0a.1923-05.nc,2.3652987124478386e-07
ne16_transient_1900.2026-02-06.clm2.h0a.1936-05.nc,2.1850901532616263e-07
ne16_transient_1900.2026-02-06.clm2.h0a.1902-10.nc,1.7287491971273994e-07
ne16_transient_1900.2026-02-06.clm2.h0a.1911-09.nc,1.7390395612437715e-07
ne16_transient_1900.2026-02-06.clm2.h0a.2015-04.nc,3.3252436537623e-07
ne16_transient_1900.2026-02-06.clm2.h0a.2000-05.nc,3.438601652305806e-07
ne16_transient_1900.2026-02-06.clm2.h0a.1903-02.nc,2.0919875964864332e-07
ne16_transient_1900.2026-02-06.clm2.h0a.1964-02.nc,3.021956160864647e-07
ne16_transient_1900.2026-02-06.clm2.h0a.1966-11.nc,2.519003601264558e-07
ne16_transient_1900.2026-02-06.clm2.h0a.1943-10.nc,2.1882291889596672e-07
ne16_transient_1900.2026-02-06.clm2.h0a.1995-12.nc,3.4608365240273997e-07
ne16_transient_1900.2026-02-06.clm2.h0a.1988-02.nc,3.5499380146575277e-07
ne16_transient_1900.2026-02-06.clm2.h0a.1930-03.nc,2.552634157382272e-07
ne16_transient_1900.2026-02-06.clm2.h0a.1935-01.nc,2.2288088530331152e-07
ne16_transient_1900.2026-02-06.clm2.h0a.1916-07.nc,1.728495533370733e-07
ne16_transient_1900.2026-02-06.clm2.h0a.1953-02.nc,2.444613471652701e-07
ne16_transient_1900.2026-02-06.clm2.h0a.1992-07.nc,3.019295320427773e-07
ne16_transient_1900.2026-02-06.clm2.h0a.1910-03.nc,2.410822048659611e-07
ne16_transient_1900.2026-02-06.clm2.h0a.1969-06.nc,2.565728891568142e-07
ne16_transient_1900.2026-02-06.clm2.h0a.1906-07.nc,1.5251018226081214e-07
ne16_transient_1900.2026-02-06.clm2.h0a.1963-03.nc,2.954671742827486e-07
ne16_transient_1900.2026-02-06.clm2.h0a.2018-11.nc,3.4194721365565783e-07
ne16_transient_1900.2026-02-06.clm2.h0a.1923-02.nc,2.206521259040528e-07
ne16_transient_1900.2026-02-06.clm2.h0a.1989-11.nc,2.9530764322771574e-07
ne16_transient_1900.2026-02-06.clm2.h0a.1930-01.nc,2.239624450339761e-07
ne16_transient_1900.2026-02-06.clm2.h0a.1996-08.nc,3.2238997960121196e-07
ne16_transient_1900.2026-02-06.clm2.h0a.1940-02.nc,2.5190257701979135e-07
ne16_transient_1900.2026-02-06.clm2.h0a.1909-03.nc,2.465413615482248e-07
ne16_transient_1900.2026-02-06.clm2.h0a.1999-02.nc,3.978675806592946e-07
ne16_transient_1900.2026-02-06.clm2.h0a.1973-07.nc,2.307281619096102e-07
ne16_transient_1900.2026-02-06.clm2.h0a.1983-03.nc,3.784610100865393e-07
ne16_transient_1900.2026-02-06.clm2.h0a.1961-12.nc,2.519503823350533e-07
ne16_transient_1900.2026-02-06.clm2.h0a.1912-12.nc,2.0993903149246762e-07
ne16_transient_1900.2026-02-06.clm2.h0a.1947-11.nc,2.1246317771783652e-07
ne16_transient_1900.2026-02-06.clm2.h0a.1972-03.nc,2.992115355482383e-07
ne16_transient_1900.2026-02-06.clm2.h0a.1947-12.nc,2.1284890294737124e-07
ne16_transient_1900.2026-02-06.clm2.h0a.1901-06.nc,2.040310675965884e-07
ne16_transient_1900.2026-02-06.clm2.h0a.1910-10.nc,1.8703156001720345e-07
ne16_transient_1900.2026-02-06.clm2.h0a.1978-08.nc,2.711187789827818e-07
ne16_transient_1900.2026-02-06.clm2.h0a.2013-11.nc,3.138692079573957e-07
ne16_transient_1900.2026-02-06.clm2.h0a.1955-02.nc,2.50815617164335e-07
ne16_transient_1900.2026-02-06.clm2.h0a.1933-03.nc,2.8156736675555294e-07
ne16_transient_1900.2026-02-06.clm2.h0a.2011-10.nc,2.9707842941206763e-07
ne16_transient_1900.2026-02-06.clm2.h0a.1994-07.nc,3.240890009692521e-07
ne16_transient_1900.2026-02-06.clm2.h0a.1945-12.nc,2.4229385076068866e-07
ne16_transient_1900.2026-02-06.clm2.h0a.1997-09.nc,3.624106454935827e-07
ne16_transient_1900.2026-02-06.clm2.h0a.1949-08.nc,2.1679538519947528e-07
ne16_transient_1900.2026-02-06.clm2.h0a.1963-11.nc,2.2751704875645373e-07
ne16_transient_1900.2026-02-06.clm2.h0a.1944-07.nc,1.907038722492871e-07
ne16_transient_1900.2026-02-06.clm2.h0a.1989-03.nc,3.5149611221640953e-07
ne16_transient_1900.2026-02-06.clm2.h0a.2014-01.nc,3.826305885468173e-07
ne16_transient_1900.2026-02-06.clm2.h0a.1970-05.nc,3.0004773066139023e-07
ne16_transient_1900.2026-02-06.clm2.h0a.2008-10.nc,3.2532776117477624e-07
ne16_transient_1900.2026-02-06.clm2.h0a.1958-01.nc,2.4941991227933613e-07
ne16_transient_1900.2026-02-06.clm2.h0a.2010-10.nc,3.207647694125626e-07
ne16_transient_1900.2026-02-06.clm2.h0a.1982-07.nc,2.856183698440873e-07
ne16_transient_1900.2026-02-06.clm2.h0a.1985-08.nc,3.172846163579379e-07
ne16_transient_1900.2026-02-06.clm2.h0a.1987-11.nc,3.114978142093605e-07
ne16_transient_1900.2026-02-06.clm2.h0a.2000-04.nc,3.4496235912229167e-07
ne16_transient_1900.2026-02-06.clm2.h0a.1994-04.nc,3.524156397816114e-07
ne16_transient_1900.2026-02-06.clm2.h0a.1964-05.nc,2.7695321591636457e-07
ne16_transient_1900.2026-02-06.clm2.h0a.1919-10.nc,2.0198248762426374e-07
ne16_transient_1900.2026-02-06.clm2.h0a.1928-12.nc,2.2210258521226933e-07
ne16_transient_1900.2026-02-06.clm2.h0a.1953-12.nc,2.3893576894806756e-07
ne16_transient_1900.2026-02-06.clm2.h0a.1992-11.nc,2.840411639226659e-07
ne16_transient_1900.2026-02-06.clm2.h0a.1948-06.nc,2.3767417189901607e-07
ne16_transient_1900.2026-02-06.clm2.h0a.1982-10.nc,2.605896440854849e-07
ne16_transient_1900.2026-02-06.clm2.h0a.1926-04.nc,2.3884413735686394e-07
ne16_transient_1900.2026-02-06.clm2.h0a.1978-06.nc,2.262919593931656e-07
ne16_transient_1900.2026-02-06.clm2.h0a.1995-08.nc,3.56349318053617e-07
ne16_transient_1900.2026-02-06.clm2.h0a.2005-10.nc,3.423889722853346e-07
ne16_transient_1900.2026-02-06.clm2.h0a.1939-09.nc,1.694460394219277e-07
ne16_transient_1900.2026-02-06.clm2.h0a.1939-10.nc,1.884868225943137e-07
ne16_transient_1900.2026-02-06.clm2.h0a.1974-11.nc,2.498165372344374e-07
ne16_transient_1900.2026-02-06.clm2.h0a.1939-08.nc,1.7388070716606308e-07
ne16_transient_1900.2026-02-06.clm2.h0a.1902-05.nc,2.1086583501528366e-07
ne16_transient_1900.2026-02-06.clm2.h0a.1932-11.nc,2.3090751710697077e-07
ne16_transient_1900.2026-02-06.clm2.h0a.1934-07.nc,1.7261629636777798e-07
ne16_transient_1900.2026-02-06.clm2.h0a.1948-09.nc,2.1220915868980228e-07
ne16_transient_1900.2026-02-06.clm2.h0a.1948-05.nc,2.326440409206043e-07
ne16_transient_1900.2026-02-06.clm2.h0a.1948-08.nc,2.173473063749043e-07
ne16_transient_1900.2026-02-06.clm2.h0a.1913-05.nc,2.1187267407185573e-07
ne16_transient_1900.2026-02-06.clm2.h0a.1939-06.nc,2.268204042366051e-07
ne16_transient_1900.2026-02-06.clm2.h0a.2008-03.nc,3.754458646199055e-07
ne16_transient_1900.2026-02-06.clm2.h0a.1936-10.nc,2.151651159465473e-07
ne16_transient_1900.2026-02-06.clm2.h0a.1923-03.nc,2.4021287003961334e-07
ne16_transient_1900.2026-02-06.clm2.h0a.1992-04.nc,3.6929239399796643e-07
ne16_transient_1900.2026-02-06.clm2.h0a.1980-02.nc,3.059504933844437e-07
ne16_transient_1900.2026-02-06.clm2.h0a.2014-07.nc,3.518939593050163e-07
ne16_transient_1900.2026-02-06.clm2.h0a.1974-07.nc,2.3518049374615657e-07
ne16_transient_1900.2026-02-06.clm2.h0a.1950-09.nc,2.2891312312367518e-07
ne16_transient_1900.2026-02-06.clm2.h0a.1903-07.nc,1.5619752957718447e-07
ne16_transient_1900.2026-02-06.clm2.h0a.1988-06.nc,2.808635883866373e-07
ne16_transient_1900.2026-02-06.clm2.h0a.1978-04.nc,2.422789293632377e-07
ne16_transient_1900.2026-02-06.clm2.h0a.1958-08.nc,2.2457386705809768e-07
ne16_transient_1900.2026-02-06.clm2.h0a.1992-01.nc,3.468775844339689e-07
ne16_transient_1900.2026-02-06.clm2.h0a.1998-12.nc,3.5164325140613073e-07
ne16_transient_1900.2026-02-06.clm2.h0a.1974-05.nc,2.460144230553851e-07
ne16_transient_1900.2026-02-06.clm2.h0a.1972-06.nc,2.368326903479101e-07
ne16_transient_1900.2026-02-06.clm2.h0a.1901-09.nc,1.6965722693385032e-07
ne16_transient_1900.2026-02-06.clm2.h0a.1953-01.nc,2.442411073388939e-07
ne16_transient_1900.2026-02-06.clm2.h0a.1935-05.nc,2.399794993834803e-07
ne16_transient_1900.2026-02-06.clm2.h0a.1907-02.nc,2.044777147602872e-07
ne16_transient_1900.2026-02-06.clm2.h0a.1921-05.nc,2.422254681277991e-07
ne16_transient_1900.2026-02-06.clm2.h0a.1943-02.nc,2.3409828031617508e-07
ne16_transient_1900.2026-02-06.clm2.h0a.1919-06.nc,1.9966802256021765e-07
ne16_transient_1900.2026-02-06.clm2.h0a.2017-05.nc,3.581838257105119e-07
ne16_transient_1900.2026-02-06.clm2.h0a.1943-09.nc,2.1187682364143257e-07
ne16_transient_1900.2026-02-06.clm2.h0a.1965-03.nc,3.240897399336973e-07
ne16_transient_1900.2026-02-06.clm2.h0a.1989-12.nc,3.0702875619681436e-07
ne16_transient_1900.2026-02-06.clm2.h0a.1993-04.nc,3.3848797897917393e-07
ne16_transient_1900.2026-02-06.clm2.h0a.1927-09.nc,2.0990233906559297e-07
ne16_transient_1900.2026-02-06.clm2.h0a.2014-05.nc,3.2456338772135496e-07
ne16_transient_1900.2026-02-06.clm2.h0a.1958-06.nc,2.478269891525997e-07
ne16_transient_1900.2026-02-06.clm2.h0a.1903-11.nc,1.7429331933271897e-07
ne16_transient_1900.2026-02-06.clm2.h0a.1923-08.nc,1.938857678851491e-07
ne16_transient_1900.2026-02-06.clm2.h0a.1971-10.nc,2.3551197614324337e-07
ne16_transient_1900.2026-02-06.clm2.h0a.2012-03.nc,4.247753793151787e-07
ne16_transient_1900.2026-02-06.clm2.h0a.1996-05.nc,3.332924052301678e-07
ne16_transient_1900.2026-02-06.clm2.h0a.1940-11.nc,2.0989020299566619e-07
ne16_transient_1900.2026-02-06.clm2.h0a.1907-10.nc,1.9310499510538648e-07
ne16_transient_1900.2026-02-06.clm2.h0a.1967-02.nc,2.948782480416412e-07
ne16_transient_1900.2026-02-06.clm2.h0a.2008-06.nc,3.330871436446614e-07
ne16_transient_1900.2026-02-06.clm2.h0a.1930-10.nc,2.0558398716730153e-07
ne16_transient_1900.2026-02-06.clm2.h0a.1999-07.nc,3.3811409139161697e-07
ne16_transient_1900.2026-02-06.clm2.h0a.2002-09.nc,3.0541977480424976e-07
ne16_transient_1900.2026-02-06.clm2.h0a.1970-10.nc,2.3534070692221576e-07
ne16_transient_1900.2026-02-06.clm2.h0a.1947-02.nc,2.2935438437343691e-07
ne16_transient_1900.2026-02-06.clm2.h0a.1953-05.nc,2.723617740230111e-07
ne16_transient_1900.2026-02-06.clm2.h0a.2000-06.nc,3.262484824517742e-07
ne16_transient_1900.2026-02-06.clm2.h0a.1917-12.nc,2.076569813880269e-07
ne16_transient_1900.2026-02-06.clm2.h0a.1976-08.nc,2.835618033714127e-07
ne16_transient_1900.2026-02-06.clm2.h0a.2007-10.nc,3.471094487395021e-07
ne16_transient_1900.2026-02-06.clm2.h0a.1985-11.nc,2.77338756404788e-07
ne16_transient_1900.2026-02-06.clm2.h0a.1991-10.nc,2.966961574202287e-07
ne16_transient_1900.2026-02-06.clm2.h0a.1993-02.nc,3.4578198437884566e-07
ne16_transient_1900.2026-02-06.clm2.h0a.1983-02.nc,3.3618812267377507e-07
ne16_transient_1900.2026-02-06.clm2.h0a.1941-07.nc,1.848482042987598e-07
ne16_transient_1900.2026-02-06.clm2.h0a.1934-12.nc,1.966528770935838e-07
ne16_transient_1900.2026-02-06.clm2.h0a.1966-01.nc,2.7759531917581626e-07
ne16_transient_1900.2026-02-06.clm2.h0a.1935-09.nc,1.8879374863445264e-07
ne16_transient_1900.2026-02-06.clm2.h0a.1993-01.nc,3.4200090226477187e-07
ne16_transient_1900.2026-02-06.clm2.h0a.1991-12.nc,3.1705056358077854e-07
ne16_transient_1900.2026-02-06.clm2.h0a.2009-06.nc,3.6585635143637774e-07
ne16_transient_1900.2026-02-06.clm2.h0a.1916-04.nc,2.29470742851845e-07
ne16_transient_1900.2026-02-06.clm2.h0a.1979-10.nc,2.901158211443544e-07
ne16_transient_1900.2026-02-06.clm2.h0a.1918-05.nc,2.2455122916653636e-07
ne16_transient_1900.2026-02-06.clm2.h0a.1912-05.nc,2.3625692335826898e-07
ne16_transient_1900.2026-02-06.clm2.h0a.1998-02.nc,3.3585232017685485e-07
ne16_transient_1900.2026-02-06.clm2.h0a.1956-12.nc,2.5931899472197983e-07
ne16_transient_1900.2026-02-06.clm2.h0a.2011-01.nc,3.543086961599329e-07
ne16_transient_1900.2026-02-06.clm2.h0a.1996-11.nc,3.2536368621549627e-07
ne16_transient_1900.2026-02-06.clm2.h0a.1968-11.nc,2.39817495639727e-07
ne16_transient_1900.2026-02-06.clm2.h0a.2013-03.nc,4.014167984678352e-07
ne16_transient_1900.2026-02-06.clm2.h0a.1984-02.nc,3.547808944404096e-07
ne16_transient_1900.2026-02-06.clm2.h0a.1984-11.nc,2.773174401227152e-07
ne16_transient_1900.2026-02-06.clm2.h0a.2011-07.nc,3.5629000194603577e-07
ne16_transient_1900.2026-02-06.clm2.h0a.1990-06.nc,3.2496032531526e-07
ne16_transient_1900.2026-02-06.clm2.h0a.1989-04.nc,3.436181543747807e-07
ne16_transient_1900.2026-02-06.clm2.h0a.2019-12.nc,3.786344962009025e-07
ne16_transient_1900.2026-02-06.clm2.h0a.1934-04.nc,2.281108919532926e-07
ne16_transient_1900.2026-02-06.clm2.h0a.1946-04.nc,2.3499528367665334e-07
ne16_transient_1900.2026-02-06.clm2.h0a.1970-04.nc,2.978632664962788e-07
ne16_transient_1900.2026-02-06.clm2.h0a.1931-04.nc,2.483338334968721e-07
ne16_transient_1900.2026-02-06.clm2.h0a.1980-03.nc,3.368817544924241e-07
ne16_transient_1900.2026-02-06.clm2.h0a.1990-12.nc,3.036612667983718e-07
ne16_transient_1900.2026-02-06.clm2.h0a.2000-01.nc,3.53785509332738e-07
ne16_transient_1900.2026-02-06.clm2.h0a.1918-01.nc,2.089712012320888e-07
ne16_transient_1900.2026-02-06.clm2.h0a.1957-08.nc,2.2588540105061838e-07
ne16_transient_1900.2026-02-06.clm2.h0a.1934-05.nc,2.55697187867554e-07
ne16_transient_1900.2026-02-06.clm2.h0a.2002-10.nc,3.3588523251637525e-07
ne16_transient_1900.2026-02-06.clm2.h0a.1918-03.nc,2.542311108300055e-07
ne16_transient_1900.2026-02-06.clm2.h0a.1977-07.nc,2.50233256338106e-07
ne16_transient_1900.2026-02-06.clm2.h0a.1993-07.nc,3.3061024851122056e-07
ne16_transient_1900.2026-02-06.clm2.h0a.1987-08.nc,3.085711171024741e-07
ne16_transient_1900.2026-02-06.clm2.h0a.1904-06.nc,2.1225213231446105e-07
ne16_transient_1900.2026-02-06.clm2.h0a.1960-06.nc,2.679420560980361e-07
ne16_transient_1900.2026-02-06.clm2.h0a.1983-07.nc,2.8235990612301975e-07
ne16_transient_1900.2026-02-06.clm2.h0a.2020-10.nc,3.6435656625144475e-07
ne16_transient_1900.2026-02-06.clm2.h0a.1970-03.nc,2.722671013088984e-07
ne16_transient_1900.2026-02-06.clm2.h0a.1906-04.nc,2.2662413812213344e-07
ne16_transient_1900.2026-02-06.clm2.h0a.1975-01.nc,3.129801200429938e-07
ne16_transient_1900.2026-02-06.clm2.h0a.2008-12.nc,3.62787261565245e-07
ne16_transient_1900.2026-02-06.clm2.h0a.1967-10.nc,2.539211152452481e-07
ne16_transient_1900.2026-02-06.clm2.h0a.1969-03.nc,2.653195565471833e-07
ne16_transient_1900.2026-02-06.clm2.h0a.2014-09.nc,3.6785402812711254e-07
ne16_transient_1900.2026-02-06.clm2.h0a.2012-04.nc,3.540073407748423e-07
ne16_transient_1900.2026-02-06.clm2.h0a.2001-09.nc,3.155803369736532e-07
ne16_transient_1900.2026-02-06.clm2.h0a.1941-06.nc,2.2083789019688993e-07
ne16_transient_1900.2026-02-06.clm2.h0a.1925-07.nc,1.9150769503539777e-07
ne16_transient_1900.2026-02-06.clm2.h0a.1998-03.nc,3.892785400694265e-07
ne16_transient_1900.2026-02-06.clm2.h0a.1938-09.nc,2.1760546076166065e-07
ne16_transient_1900.2026-02-06.clm2.h0a.1979-04.nc,3.058365507513372e-07
ne16_transient_1900.2026-02-06.clm2.h0a.1962-01.nc,2.7486530029818823e-07
ne16_transient_1900.2026-02-06.clm2.h0a.1971-02.nc,3.117255005236075e-07
ne16_transient_1900.2026-02-06.clm2.h0a.2016-02.nc,4.222097231831867e-07
ne16_transient_1900.2026-02-06.clm2.h0a.1970-02.nc,2.8474624969021534e-07
ne16_transient_1900.2026-02-06.clm2.h0a.1929-02.nc,2.3582201436056494e-07
ne16_transient_1900.2026-02-06.clm2.h0a.1951-01.nc,2.4754695004958194e-07
ne16_transient_1900.2026-02-06.clm2.h0a.1955-07.nc,2.1584136788987962e-07
ne16_transient_1900.2026-02-06.clm2.h0a.1924-08.nc,1.8443890326125256e-07
ne16_transient_1900.2026-02-06.clm2.h0a.1991-03.nc,3.4346467714385653e-07
ne16_transient_1900.2026-02-06.clm2.h0a.1964-11.nc,2.4749573412918835e-07
ne16_transient_1900.2026-02-06.clm2.h0a.2002-02.nc,3.639101748831308e-07
ne16_transient_1900.2026-02-06.clm2.h0a.1951-09.nc,2.346918961393385e-07
ne16_transient_1900.2026-02-06.clm2.h0a.1995-09.nc,3.68277937923267e-07
ne16_transient_1900.2026-02-06.clm2.h0a.1988-05.nc,3.1238153042068006e-07
ne16_transient_1900.2026-02-06.clm2.h0a.1990-07.nc,2.979068938202545e-07
ne16_transient_1900.2026-02-06.clm2.h0a.2001-01.nc,3.3963442547246814e-07
ne16_transient_1900.2026-02-06.clm2.h0a.1955-08.nc,2.184233522939394e-07
ne16_transient_1900.2026-02-06.clm2.h0a.1950-03.nc,2.4637395767967973e-07
ne16_transient_1900.2026-02-06.clm2.h0a.1935-10.nc,2.1764070368135435e-07
ne16_transient_1900.2026-02-06.clm2.h0a.1953-03.nc,2.88170866724613e-07
ne16_transient_1900.2026-02-06.clm2.h0a.1918-02.nc,2.2432303126151965e-07
ne16_transient_1900.2026-02-06.clm2.h0a.1972-11.nc,2.451506588840857e-07
ne16_transient_1900.2026-02-06.clm2.h0a.1906-06.nc,2.0672183609349304e-07
ne16_transient_1900.2026-02-06.clm2.h0a.2020-06.nc,3.590619712667831e-07
ne16_transient_1900.2026-02-06.clm2.h0a.2006-03.nc,3.5065966130787274e-07
ne16_transient_1900.2026-02-06.clm2.h0a.1952-07.nc,2.1160337837500265e-07
ne16_transient_1900.2026-02-06.clm2.h0a.2015-07.nc,3.9532665141450707e-07
ne16_transient_1900.2026-02-06.clm2.h0a.1965-04.nc,2.785105266411847e-07
ne16_transient_1900.2026-02-06.clm2.h0a.2008-05.nc,3.6976916817366146e-07
ne16_transient_1900.2026-02-06.clm2.h0a.1964-04.nc,2.8802702445318573e-07
ne16_transient_1900.2026-02-06.clm2.h0a.1946-11.nc,2.274432517879177e-07
ne16_transient_1900.2026-02-06.clm2.h0a.2011-02.nc,3.8459378970401303e-07
ne16_transient_1900.2026-02-06.clm2.h0a.1960-10.nc,2.3811705318621534e-07
ne16_transient_1900.2026-02-06.clm2.h0a.1971-07.nc,2.278455042414862e-07
ne16_transient_1900.2026-02-06.clm2.h0a.2007-11.nc,3.4391965186841844e-07
ne16_transient_1900.2026-02-06.clm2.h0a.1925-06.nc,2.0119841792620718e-07
ne16_transient_1900.2026-02-06.clm2.h0a.1969-09.nc,2.707322437345283e-07
ne16_transient_1900.2026-02-06.clm2.h0a.1961-04.nc,2.7433696914158645e-07
ne16_transient_1900.2026-02-06.clm2.h0a.2002-04.nc,3.5350268490219605e-07
ne16_transient_1900.2026-02-06.clm2.h0a.2001-08.nc,3.778817756483477e-07
ne16_transient_1900.2026-02-06.clm2.h0a.1993-03.nc,3.487245692213037e-07
ne16_transient_1900.2026-02-06.clm2.h0a.2019-08.nc,4.3218108203291195e-07
ne16_transient_1900.2026-02-06.clm2.h0a.1944-09.nc,2.0969673641957343e-07
ne16_transient_1900.2026-02-06.clm2.h0a.2016-03.nc,3.729842603661382e-07
ne16_transient_1900.2026-02-06.clm2.h0a.1989-06.nc,2.818855477926263e-07
ne16_transient_1900.2026-02-06.clm2.h0a.2018-12.nc,3.465968632099248e-07
ne16_transient_1900.2026-02-06.clm2.h0a.1947-04.nc,2.451509999445989e-07
ne16_transient_1900.2026-02-06.clm2.h0a.1964-10.nc,2.1813846728946373e-07
ne16_transient_1900.2026-02-06.clm2.h0a.1980-08.nc,2.828047058756056e-07
ne16_transient_1900.2026-02-06.clm2.h0a.1939-03.nc,2.42943855255362e-07
ne16_transient_1900.2026-02-06.clm2.h0a.1916-11.nc,1.9838307707686909e-07
ne16_transient_1900.2026-02-06.clm2.h0a.1997-01.nc,3.475560959032009e-07
ne16_transient_1900.2026-02-06.clm2.h0a.1957-12.nc,2.40757174196915e-07
ne16_transient_1900.2026-02-06.clm2.h0a.1918-12.nc,1.9784150140367274e-07
ne16_transient_1900.2026-02-06.clm2.h0a.2015-12.nc,3.8446628991550824e-07
ne16_transient_1900.2026-02-06.clm2.h0a.1981-05.nc,2.565950580901699e-07
ne16_transient_1900.2026-02-06.clm2.h0a.1947-03.nc,2.3987672648217995e-07
ne16_transient_1900.2026-02-06.clm2.h0a.1935-04.nc,2.605544864309195e-07
ne16_transient_1900.2026-02-06.clm2.h0a.1934-11.nc,2.152722373693905e-07
ne16_transient_1900.2026-02-06.clm2.h0a.1989-10.nc,2.768369427030848e-07
ne16_transient_1900.2026-02-06.clm2.h0a.1990-02.nc,3.4630275536073896e-07
ne16_transient_1900.2026-02-06.clm2.h0a.2000-03.nc,3.8114748690531997e-07
ne16_transient_1900.2026-02-06.clm2.h0a.1986-08.nc,2.9581644866993884e-07
ne16_transient_1900.2026-02-06.clm2.h0a.1995-02.nc,3.8091880583124293e-07
ne16_transient_1900.2026-02-06.clm2.h0a.1984-10.nc,2.5546444248902844e-07
ne16_transient_1900.2026-02-06.clm2.h0a.1957-10.nc,2.289382905473758e-07
ne16_transient_1900.2026-02-06.clm2.h0a.1960-08.nc,2.2663168408598722e-07
ne16_transient_1900.2026-02-06.clm2.h0a.1908-11.nc,1.9533419504114136e-07
ne16_transient_1900.2026-02-06.clm2.h0a.1922-07.nc,1.9643530890789407e-07
ne16_transient_1900.2026-02-06.clm2.h0a.1914-11.nc,2.0880676743217919e-07
ne16_transient_1900.2026-02-06.clm2.h0a.1937-08.nc,2.056038823639028e-07
ne16_transient_1900.2026-02-06.clm2.h0a.1954-04.nc,2.5126726654889353e-07
ne16_transient_1900.2026-02-06.clm2.h0a.1994-12.nc,3.5867341807716e-07
ne16_transient_1900.2026-02-06.clm2.h0a.1916-10.nc,1.8413243196846452e-07
ne16_transient_1900.2026-02-06.clm2.h0a.1961-08.nc,2.402119037014927e-07
ne16_transient_1900.2026-02-06.clm2.h0a.1934-06.nc,2.1683240447600838e-07
ne16_transient_1900.2026-02-06.clm2.h0a.2000-08.nc,3.584815999602142e-07
ne16_transient_1900.2026-02-06.clm2.h0a.1941-02.nc,2.3503061186147534e-07
ne16_transient_1900.2026-02-06.clm2.h0a.2009-08.nc,3.8238553656810836e-07
ne16_transient_1900.2026-02-06.clm2.h0a.1911-06.nc,2.0736982264679682e-07
ne16_transient_1900.2026-02-06.clm2.h0a.1930-12.nc,2.0814086099107953e-07
ne16_transient_1900.2026-02-06.clm2.h0a.1979-08.nc,2.634001248225104e-07
ne16_transient_1900.2026-02-06.clm2.h0a.2004-10.nc,3.3891015505105315e-07
ne16_transient_1900.2026-02-06.clm2.h0a.1907-12.nc,1.8672960777621483e-07
ne16_transient_1900.2026-02-06.clm2.h0a.1927-04.nc,2.2973640056989098e-07
ne16_transient_1900.2026-02-06.clm2.h0a.2016-04.nc,4.041459931158897e-07
ne16_transient_1900.2026-02-06.clm2.h0a.1996-01.nc,3.4111994295926706e-07
ne16_transient_1900.2026-02-06.clm2.h0a.1973-09.nc,2.5572779804861057e-07
ne16_transient_1900.2026-02-06.clm2.h0a.1999-12.nc,3.395525709493086e-07
ne16_transient_1900.2026-02-06.clm2.h0a.1930-05.nc,2.228683513294527e-07
ne16_transient_1900.2026-02-06.clm2.h0a.1993-09.nc,3.2563269769525505e-07
ne16_transient_1900.2026-02-06.clm2.h0a.1946-05.nc,2.453805336699588e-07
ne16_transient_1900.2026-02-06.clm2.h0a.2006-12.nc,3.498917635624821e-07
ne16_transient_1900.2026-02-06.clm2.h0a.2014-11.nc,3.17527366178183e-07
ne16_transient_1900.2026-02-06.clm2.h0a.1953-10.nc,2.3980220476005343e-07
ne16_transient_1900.2026-02-06.clm2.h0a.1915-08.nc,1.8108809740624565e-07
ne16_transient_1900.2026-02-06.clm2.h0a.1973-02.nc,3.2004643912841857e-07
ne16_transient_1900.2026-02-06.clm2.h0a.1988-11.nc,3.3730958648447995e-07
ne16_transient_1900.2026-02-06.clm2.h0a.2012-05.nc,3.8623119280600804e-07
ne16_transient_1900.2026-02-06.clm2.h0a.1914-08.nc,1.745742537195838e-07
ne16_transient_1900.2026-02-06.clm2.h0a.2012-07.nc,3.8236683508330316e-07
ne16_transient_1900.2026-02-06.clm2.h0a.2020-04.nc,3.9905341964185936e-07
ne16_transient_1900.2026-02-06.clm2.h0a.1914-04.nc,2.249858681580008e-07
ne16_transient_1900.2026-02-06.clm2.h0a.1995-04.nc,3.4418346217535145e-07
ne16_transient_1900.2026-02-06.clm2.h0a.1910-02.nc,2.1373595870954887e-07
ne16_transient_1900.2026-02-06.clm2.h0a.1925-10.nc,1.9066357026531477e-07
ne16_transient_1900.2026-02-06.clm2.h0a.1986-11.nc,2.446972757752519e-07
ne16_transient_1900.2026-02-06.clm2.h0a.1904-04.nc,2.3385680947285437e-07
ne16_transient_1900.2026-02-06.clm2.h0a.1981-12.nc,3.0166609121806687e-07
ne16_transient_1900.2026-02-06.clm2.h0a.1914-09.nc,1.9484789959278714e-07
ne16_transient_1900.2026-02-06.clm2.h0a.1977-12.nc,2.557264338065579e-07
ne16_transient_1900.2026-02-06.clm2.h0a.1905-03.nc,2.0680158741015475e-07
ne16_transient_1900.2026-02-06.clm2.h0a.1937-06.nc,2.1898642899031984e-07
ne16_transient_1900.2026-02-06.clm2.h0a.1993-06.nc,2.9656806077582587e-07
ne16_transient_1900.2026-02-06.clm2.h0a.1928-01.nc,2.2295128587757063e-07
ne16_transient_1900.2026-02-06.clm2.h0a.2015-03.nc,4.080041833276482e-07
ne16_transient_1900.2026-02-06.clm2.h0a.1926-03.nc,2.3358020939667767e-07
ne16_transient_1900.2026-02-06.clm2.h0a.1905-08.nc,1.6632162669338868e-07
ne16_transient_1900.2026-02-06.clm2.h0a.1926-11.nc,2.3623520917226415e-07
ne16_transient_1900.2026-02-06.clm2.h0a.2006-02.nc,4.2631705809981213e-07
ne16_transient_1900.2026-02-06.clm2.h0a.1916-05.nc,2.152989679871098e-07
ne16_transient_1900.2026-02-06.clm2.h0a.1930-08.nc,1.838490817362981e-07
ne16_transient_1900.2026-02-06.clm2.h0a.1981-11.nc,2.748193708157487e-07
ne16_transient_1900.2026-02-06.clm2.h0a.1927-03.nc,2.555028117967595e-07
ne16_transient_1900.2026-02-06.clm2.h0a.1997-10.nc,2.7977498007203394e-07
ne16_transient_1900.2026-02-06.clm2.h0a.1986-09.nc,3.087646121002763e-07
ne16_transient_1900.2026-02-06.clm2.h0a.1934-01.nc,2.3770060408878635e-07
ne16_transient_1900.2026-02-06.clm2.h0a.1994-05.nc,3.2155455187421467e-07
ne16_transient_1900.2026-02-06.clm2.h0a.1929-08.nc,1.938160210102069e-07
ne16_transient_1900.2026-02-06.clm2.h0a.1903-09.nc,1.8314399596874864e-07
ne16_transient_1900.2026-02-06.clm2.h0a.2009-02.nc,3.93196557979536e-07
ne16_transient_1900.2026-02-06.clm2.h0a.1909-05.nc,2.1312408193807642e-07
ne16_transient_1900.2026-02-06.clm2.h0a.1978-09.nc,2.492475061899313e-07
ne16_transient_1900.2026-02-06.clm2.h0a.1907-09.nc,1.7103427296660811e-07
ne16_transient_1900.2026-02-06.clm2.h0a.1930-06.nc,1.9758377334255783e-07
ne16_transient_1900.2026-02-06.clm2.h0a.1999-05.nc,3.3330096016470634e-07
ne16_transient_1900.2026-02-06.clm2.h0a.2016-12.nc,3.6189740626468847e-07
ne16_transient_1900.2026-02-06.clm2.h0a.1921-01.nc,2.167141843756326e-07
ne16_transient_1900.2026-02-06.clm2.h0a.1967-03.nc,2.8091378112549137e-07
ne16_transient_1900.2026-02-06.clm2.h0a.1991-09.nc,3.641968646661553e-07
ne16_transient_1900.2026-02-06.clm2.h0a.1907-06.nc,2.1219625523372088e-07
ne16_transient_1900.2026-02-06.clm2.h0a.1948-01.nc,2.328291088815604e-07
ne16_transient_1900.2026-02-06.clm2.h0a.1901-01.nc,2.0741198625273682e-07
ne16_transient_1900.2026-02-06.clm2.h0a.1944-02.nc,2.506671137325611e-07
ne16_transient_1900.2026-02-06.clm2.h0a.1956-11.nc,2.3372987811853818e-07
ne16_transient_1900.2026-02-06.clm2.h0a.1951-08.nc,2.1954616613584221e-07
ne16_transient_1900.2026-02-06.clm2.h0a.1982-06.nc,2.9146619340281177e-07
ne16_transient_1900.2026-02-06.clm2.h0a.1903-03.nc,2.1198934518906754e-07
ne16_transient_1900.2026-02-06.clm2.h0a.2018-07.nc,3.8842398453198257e-07
ne16_transient_1900.2026-02-06.clm2.h0a.1904-12.nc,2.07806920116127e-07
ne16_transient_1900.2026-02-06.clm2.h0a.1968-07.nc,2.2852742631584988e-07
ne16_transient_1900.2026-02-06.clm2.h0a.1999-10.nc,2.8001596774629434e-07
ne16_transient_1900.2026-02-06.clm2.h0a.1928-08.nc,1.9930782002575143e-07
ne16_transient_1900.2026-02-06.clm2.h0a.1948-04.nc,2.344695104739003e-07
ne16_transient_1900.2026-02-06.clm2.h0a.1938-04.nc,2.482512684309768e-07
ne16_transient_1900.2026-02-06.clm2.h0a.1966-12.nc,2.7043893169320654e-07
ne16_transient_1900.2026-02-06.clm2.h0a.1977-11.nc,2.7631210741674295e-07
ne16_transient_1900.2026-02-06.clm2.h0a.2009-10.nc,3.067053739869152e-07
ne16_transient_1900.2026-02-06.clm2.h0a.1903-06.nc,1.8195514428498427e-07
ne16_transient_1900.2026-02-06.clm2.h0a.1928-10.nc,1.9850354249228985e-07
ne16_transient_1900.2026-02-06.clm2.h0a.1964-09.nc,2.2436360325173155e-07
ne16_transient_1900.2026-02-06.clm2.h0a.1928-03.nc,2.405479619937978e-07
ne16_transient_1900.2026-02-06.clm2.h0a.1981-01.nc,2.9477882890205365e-07
ne16_transient_1900.2026-02-06.clm2.h0a.1969-05.nc,2.6922745632873557e-07
ne16_transient_1900.2026-02-06.clm2.h0a.1902-01.nc,2.1144565209851862e-07
ne16_transient_1900.2026-02-06.clm2.h0a.1961-01.nc,2.681552473404736e-07
ne16_transient_1900.2026-02-06.clm2.h0a.2004-03.nc,3.97348770775352e-07
ne16_transient_1900.2026-02-06.clm2.h0a.1935-02.nc,2.2583355985261733e-07
ne16_transient_1900.2026-02-06.clm2.h0a.1959-01.nc,2.5336657927255146e-07
ne16_transient_1900.2026-02-06.clm2.h0a.1982-12.nc,3.096328953233751e-07
ne16_transient_1900.2026-02-06.clm2.h0a.1926-10.nc,2.118233766168487e-07
ne16_transient_1900.2026-02-06.clm2.h0a.2014-04.nc,3.7029920463282906e-07
ne16_transient_1900.2026-02-06.clm2.h0a.1966-05.nc,2.412191406619968e-07
ne16_transient_1900.2026-02-06.clm2.h0a.2013-09.nc,3.831873414128495e-07
ne16_transient_1900.2026-02-06.clm2.h0a.1963-10.nc,2.720987026805233e-07
ne16_transient_1900.2026-02-06.clm2.h0a.1913-02.nc,2.0874212225407973e-07
ne16_transient_1900.2026-02-06.clm2.h0a.1933-09.nc,1.9885445112777234e-07
ne16_transient_1900.2026-02-06.clm2.h0a.1932-03.nc,2.4031925249801134e-07
ne16_transient_1900.2026-02-06.clm2.h0a.1913-08.nc,1.7812666897043528e-07
ne16_transient_1900.2026-02-06.clm2.h0a.1985-05.nc,2.996278851696843e-07
ne16_transient_1900.2026-02-06.clm2.h0a.1909-07.nc,1.6256601043096452e-07
ne16_transient_1900.2026-02-06.clm2.h0a.1911-05.nc,2.1181165266170865e-07
ne16_transient_1900.2026-02-06.clm2.h0a.1913-12.nc,2.0391698285493476e-07
ne16_transient_1900.2026-02-06.clm2.h0a.2014-10.nc,3.2456713938699977e-07
ne16_transient_1900.2026-02-06.clm2.h0a.1985-02.nc,3.4045584129671624e-07
ne16_transient_1900.2026-02-06.clm2.h0a.1962-11.nc,2.2467966687145235e-07
ne16_transient_1900.2026-02-06.clm2.h0a.1957-04.nc,2.529172320464568e-07
ne16_transient_1900.2026-02-06.clm2.h0a.1965-09.nc,2.534638099405129e-07
ne16_transient_1900.2026-02-06.clm2.h0a.2001-02.nc,4.0511335441806295e-07
ne16_transient_1900.2026-02-06.clm2.h0a.2013-02.nc,4.143676335388591e-07
ne16_transient_1900.2026-02-06.clm2.h0a.1974-12.nc,2.8060006229679857e-07
ne16_transient_1900.2026-02-06.clm2.h0a.1986-05.nc,3.136962618555117e-07
ne16_transient_1900.2026-02-06.clm2.h0a.1924-02.nc,2.2481579264876927e-07
ne16_transient_1900.2026-02-06.clm2.h0a.1945-11.nc,2.3633234036424255e-07
ne16_transient_1900.2026-02-06.clm2.h0a.1999-01.nc,3.621446182933141e-07
ne16_transient_1900.2026-02-06.clm2.h0a.2006-05.nc,3.290404606559605e-07
ne16_transient_1900.2026-02-06.clm2.h0a.1917-03.nc,2.2573100011413771e-07
ne16_transient_1900.2026-02-06.clm2.h0a.1991-04.nc,3.20327842473489e-07
ne16_transient_1900.2026-02-06.clm2.h0a.1964-12.nc,2.536756653626071e-07
ne16_transient_1900.2026-02-06.clm2.h0a.1931-08.nc,1.9422685682002339e-07
ne16_transient_1900.2026-02-06.clm2.h0a.1999-03.nc,3.9398838680426707e-07
ne16_transient_1900.2026-02-06.clm2.h0a.1984-09.nc,2.6188530455328873e-07
ne16_transient_1900.2026-02-06.clm2.h0a.2015-08.nc,4.0664164657755464e-07
ne16_transient_1900.2026-02-06.clm2.h0a.1946-02.nc,2.64251553971917e-07
ne16_transient_1900.2026-02-06.clm2.h0a.2020-11.nc,3.633215897025366e-07
ne16_transient_1900.2026-02-06.clm2.h0a.2015-11.nc,3.1087995466805296e-07
ne16_transient_1900.2026-02-06.clm2.h0a.1984-12.nc,3.370280694525718e-07
ne16_transient_1900.2026-02-06.clm2.h0a.1964-08.nc,2.047016920414535e-07
ne16_transient_1900.2026-02-06.clm2.h0a.1959-02.nc,2.56011844612658e-07
ne16_transient_1900.2026-02-06.clm2.h0a.1996-04.nc,3.3792645126595744e-07
ne16_transient_1900.2026-02-06.clm2.h0a.1976-04.nc,2.7254822043687454e-07
ne16_transient_1900.2026-02-06.clm2.h0a.2002-12.nc,3.484433932499087e-07
ne16_transient_1900.2026-02-06.clm2.h0a.1984-07.nc,2.7893460696759576e-07
ne16_transient_1900.2026-02-06.clm2.h0a.1954-02.nc,2.497153843705746e-07
ne16_transient_1900.2026-02-06.clm2.h0a.1963-06.nc,2.422920317712851e-07
ne16_transient_1900.2026-02-06.clm2.h0a.1996-09.nc,3.0647115067949926e-07
ne16_transient_1900.2026-02-06.clm2.h0a.1916-06.nc,2.2267154520250187e-07
ne16_transient_1900.2026-02-06.clm2.h0a.1918-10.nc,2.1791434789975028e-07
ne16_transient_1900.2026-02-06.clm2.h0a.1992-12.nc,3.106747783476749e-07
ne16_transient_1900.2026-02-06.clm2.h0a.1919-08.nc,1.7737494317771052e-07
ne16_transient_1900.2026-02-06.clm2.h0a.1962-12.nc,2.377585985868791e-07
ne16_transient_1900.2026-02-06.clm2.h0a.1907-03.nc,2.260259179820423e-07
ne16_transient_1900.2026-02-06.clm2.h0a.1946-07.nc,1.8530629120050435e-07
ne16_transient_1900.2026-02-06.clm2.h0a.1963-04.nc,2.366225402283817e-07
ne16_transient_1900.2026-02-06.clm2.h0a.1933-12.nc,2.0081772333924164e-07
ne16_transient_1900.2026-02-06.clm2.h0a.1912-03.nc,2.2732723437002278e-07
ne16_transient_1900.2026-02-06.clm2.h0a.1919-12.nc,2.1900140723118966e-07
ne16_transient_1900.2026-02-06.clm2.h0a.1915-03.nc,2.1491646862159541e-07
ne16_transient_1900.2026-02-06.clm2.h0a.1962-10.nc,2.2329940918552893e-07
ne16_transient_1900.2026-02-06.clm2.h0a.2001-11.nc,2.981417139835685e-07
ne16_transient_1900.2026-02-06.clm2.h0a.1904-03.nc,2.2284632450464414e-07
ne16_transient_1900.2026-02-06.clm2.h0a.2001-04.nc,3.441379021751345e-07
ne16_transient_1900.2026-02-06.clm2.h0a.1984-04.nc,3.1335258654507925e-07
ne16_transient_1900.2026-02-06.clm2.h0a.1987-05.nc,3.397099419544247e-07
ne16_transient_1900.2026-02-06.clm2.h0a.1935-03.nc,2.3595731590830837e-07
ne16_transient_1900.2026-02-06.clm2.h0a.1956-03.nc,2.531951679429767e-07
ne16_transient_1900.2026-02-06.clm2.h0a.1950-12.nc,2.3100706414425076e-07
ne16_transient_1900.2026-02-06.clm2.h0a.1910-04.nc,2.3274355953617487e-07
ne16_transient_1900.2026-02-06.clm2.h0a.1939-04.nc,2.486141852386936e-07
ne16_transient_1900.2026-02-06.clm2.h0a.1937-04.nc,2.4612288029857154e-07
ne16_transient_1900.2026-02-06.clm2.h0a.1968-09.nc,2.4560725364608516e-07
ne16_transient_1900.2026-02-06.clm2.h0a.1908-04.nc,2.3957665007401374e-07
ne16_transient_1900.2026-02-06.clm2.h0a.1913-07.nc,1.7829670184710267e-07
ne16_transient_1900.2026-02-06.clm2.h0a.1901-05.nc,2.1383971215982456e-07
ne16_transient_1900.2026-02-06.clm2.h0a.1925-03.nc,2.29858500233604e-07
ne16_transient_1900.2026-02-06.clm2.h0a.1968-01.nc,2.6560360311123077e-07
ne16_transient_1900.2026-02-06.clm2.h0a.1924-09.nc,1.9376551563254907e-07
ne16_transient_1900.2026-02-06.clm2.h0a.1908-08.nc,1.549178136883711e-07
ne16_transient_1900.2026-02-06.clm2.h0a.1937-12.nc,2.2928011844669527e-07
ne16_transient_1900.2026-02-06.clm2.h0a.1941-05.nc,2.295701335697231e-07
ne16_transient_1900.2026-02-06.clm2.h0a.2010-07.nc,3.744756611467892e-07
ne16_transient_1900.2026-02-06.clm2.h0a.1928-09.nc,1.8708279014845175e-07
ne16_transient_1900.2026-02-06.clm2.h0a.1998-11.nc,2.8962375608898583e-07
ne16_transient_1900.2026-02-06.clm2.h0a.1910-09.nc,1.778475677838287e-07
ne16_transient_1900.2026-02-06.clm2.h0a.1907-08.nc,1.7929150430973095e-07
ne16_transient_1900.2026-02-06.clm2.h0a.1909-08.nc,1.6729129015402577e-07
ne16_transient_1900.2026-02-06.clm2.h0a.1939-12.nc,2.234472589179859e-07
ne16_transient_1900.2026-02-06.clm2.h0a.1935-06.nc,2.2719359549228102e-07
ne16_transient_1900.2026-02-06.clm2.h0a.1976-05.nc,2.527374931560189e-07
ne16_transient_1900.2026-02-06.clm2.h0a.1907-05.nc,2.1295032581747364e-07
ne16_transient_1900.2026-02-06.clm2.h0a.2003-09.nc,3.2338962796529813e-07
ne16_transient_1900.2026-02-06.clm2.h0a.1902-07.nc,1.846731976229421e-07
ne16_transient_1900.2026-02-06.clm2.h0a.1959-11.nc,2.3788281566794467e-07
ne16_transient_1900.2026-02-06.clm2.h0a.2001-06.nc,3.111860564786184e-07
ne16_transient_1900.2026-02-06.clm2.h0a.1982-08.nc,2.832912855410541e-07
ne16_transient_1900.2026-02-06.clm2.h0a.1973-05.nc,2.782148271762708e-07
ne16_transient_1900.2026-02-06.clm2.h0a.1956-02.nc,2.556412823651044e-07
ne16_transient_1900.2026-02-06.clm2.h0a.1908-10.nc,1.7775366245587065e-07
ne16_transient_1900.2026-02-06.clm2.h0a.1938-05.nc,2.2989306103227136e-07
ne16_transient_1900.2026-02-06.clm2.h0a.1906-02.nc,1.9387600502795976e-07
ne16_transient_1900.2026-02-06.clm2.h0a.1901-04.nc,2.070749758331658e-07
ne16_transient_1900.2026-02-06.clm2.h0a.1908-06.nc,2.048986686986609e-07
ne16_transient_1900.2026-02-06.clm2.h0a.1975-08.nc,2.6499492378206924e-07
ne16_transient_1900.2026-02-06.clm2.h0a.2020-08.nc,4.236937911628047e-07
ne16_transient_1900.2026-02-06.clm2.h0a.1997-02.nc,3.74419585114083e-07
ne16_transient_1900.2026-02-06.clm2.h0a.1938-06.nc,1.9987659527487267e-07
ne16_transient_1900.2026-02-06.clm2.h0a.1910-07.nc,1.5644786799384747e-07
ne16_transient_1900.2026-02-06.clm2.h0a.1938-02.nc,2.4756576522122486e-07
ne16_transient_1900.2026-02-06.clm2.h0a.1926-12.nc,2.2997963355919637e-07
ne16_transient_1900.2026-02-06.clm2.h0a.1996-06.nc,2.764986390957347e-07
ne16_transient_1900.2026-02-06.clm2.h0a.1990-04.nc,3.050678856197919e-07
ne16_transient_1900.2026-02-06.clm2.h0a.1988-01.nc,3.405842221582134e-07
ne16_transient_1900.2026-02-06.clm2.h0a.1997-05.nc,3.032882887055166e-07
ne16_transient_1900.2026-02-06.clm2.h0a.1905-06.nc,2.081753223137639e-07
ne16_transient_1900.2026-02-06.clm2.h0a.1956-04.nc,2.5335461373288126e-07
ne16_transient_1900.2026-02-06.clm2.h0a.1924-11.nc,2.0521318333521776e-07
ne16_transient_1900.2026-02-06.clm2.h0a.1993-08.nc,3.533591552695725e-07
ne16_transient_1900.2026-02-06.clm2.h0a.1920-10.nc,1.7309491795458598e-07
ne16_transient_1900.2026-02-06.clm2.h0a.2010-11.nc,3.0717478693986777e-07
ne16_transient_1900.2026-02-06.clm2.h0a.1925-12.nc,1.9862757483224414e-07
ne16_transient_1900.2026-02-06.clm2.h0a.1972-08.nc,2.824324667471956e-07
ne16_transient_1900.2026-02-06.clm2.h0a.1939-11.nc,1.8700498571888602e-07
ne16_transient_1900.2026-02-06.clm2.h0a.2010-05.nc,3.607058545185282e-07
ne16_transient_1900.2026-02-06.clm2.h0a.1909-04.nc,2.2292337575890997e-07
ne16_transient_1900.2026-02-06.clm2.h0a.1979-09.nc,2.748274141595175e-07
ne16_transient_1900.2026-02-06.clm2.h0a.2018-01.nc,4.1631150793364213e-07
ne16_transient_1900.2026-02-06.clm2.h0a.1987-03.nc,3.1150381119005033e-07
ne16_transient_1900.2026-02-06.clm2.h0a.1902-04.nc,2.2763140350434696e-07
ne16_transient_1900.2026-02-06.clm2.h0a.1943-08.nc,2.0529677158265258e-07
ne16_transient_1900.2026-02-06.clm2.h0a.1917-02.nc,1.9310151344598125e-07
ne16_transient_1900.2026-02-06.clm2.h0a.2011-11.nc,2.964560792406701e-07
ne16_transient_1900.2026-02-06.clm2.h0a.1949-06.nc,2.0705357428596471e-07
ne16_transient_1900.2026-02-06.clm2.h0a.1901-03.nc,2.156626237592718e-07
ne16_transient_1900.2026-02-06.clm2.h0a.1961-03.nc,3.036811051515542e-07
ne16_transient_1900.2026-02-06.clm2.h0a.1988-03.nc,3.433355573179142e-07
ne16_transient_1900.2026-02-06.clm2.h0a.1982-03.nc,3.2765140645096835e-07
ne16_transient_1900.2026-02-06.clm2.h0a.1935-12.nc,2.2340185523717082e-07
ne16_transient_1900.2026-02-06.clm2.h0a.1931-07.nc,1.9545393570297165e-07
ne16_transient_1900.2026-02-06.clm2.h0a.1944-04.nc,2.552170315084368e-07
ne16_transient_1900.2026-02-06.clm2.h0a.1996-07.nc,3.041891432076227e-07
ne16_transient_1900.2026-02-06.clm2.h0a.1905-04.nc,2.145009432297229e-07
ne16_transient_1900.2026-02-06.clm2.h0a.1983-04.nc,3.515111188789888e-07
ne16_transient_1900.2026-02-06.clm2.h0a.1966-10.nc,2.431390271340206e-07
ne16_transient_1900.2026-02-06.clm2.h0a.1985-12.nc,2.9486716357496334e-07
ne16_transient_1900.2026-02-06.clm2.h0a.1910-11.nc,1.9769936443481129e-07
ne16_transient_1900.2026-02-06.clm2.h0a.1903-12.nc,1.7279461417274433e-07
ne16_transient_1900.2026-02-06.clm2.h0a.2018-02.nc,4.1170054032590997e-07
ne16_transient_1900.2026-02-06.clm2.h0a.1950-05.nc,2.3560171769076987e-07
ne16_transient_1900.2026-02-06.clm2.h0a.2019-11.nc,3.373551464846969e-07
ne16_transient_1900.2026-02-06.clm2.h0a.2014-12.nc,3.5013437127418e-07
ne16_transient_1900.2026-02-06.clm2.h0a.2014-03.nc,3.7255253459989035e-07
ne16_transient_1900.2026-02-06.clm2.h0a.1907-11.nc,1.8507952859181387e-07
ne16_transient_1900.2026-02-06.clm2.h0a.1945-02.nc,2.426519074560929e-07
ne16_transient_1900.2026-02-06.clm2.h0a.1976-02.nc,2.905701990130183e-07
ne16_transient_1900.2026-02-06.clm2.h0a.2009-09.nc,3.6349572951621667e-07
ne16_transient_1900.2026-02-06.clm2.h0a.1938-07.nc,1.8328083228880132e-07
ne16_transient_1900.2026-02-06.clm2.h0a.2017-01.nc,4.069116812388529e-07
ne16_transient_1900.2026-02-06.clm2.h0a.1972-09.nc,2.4773916607045976e-07
ne16_transient_1900.2026-02-06.clm2.h0a.1931-02.nc,2.2964273682646308e-07
ne16_transient_1900.2026-02-06.clm2.h0a.1942-08.nc,1.8185376404744602e-07
ne16_transient_1900.2026-02-06.clm2.h0a.1904-10.nc,1.6908394684378436e-07
ne16_transient_1900.2026-02-06.clm2.h0a.1945-09.nc,2.1424612839382462e-07
ne16_transient_1900.2026-02-06.clm2.h0a.1940-10.nc,2.0387101073993108e-07
ne16_transient_1900.2026-02-06.clm2.h0a.2006-07.nc,3.850115035675117e-07
ne16_transient_1900.2026-02-06.clm2.h0a.2019-05.nc,3.474840184480854e-07
ne16_transient_1900.2026-02-06.clm2.h0a.1942-12.nc,2.068146329747833e-07
ne16_transient_1900.2026-02-06.clm2.h0a.1934-08.nc,1.8394651135622553e-07
ne16_transient_1900.2026-02-06.clm2.h0a.1952-09.nc,2.194671537836257e-07
ne16_transient_1900.2026-02-06.clm2.h0a.2018-09.nc,3.916195510100806e-07
ne16_transient_1900.2026-02-06.clm2.h0a.1922-09.nc,1.9346408919318492e-07
ne16_transient_1900.2026-02-06.clm2.h0a.1912-06.nc,2.2285061618276814e-07
ne16_transient_1900.2026-02-06.clm2.h0a.1984-05.nc,3.175649680997594e-07
ne16_transient_1900.2026-02-06.clm2.h0a.1956-08.nc,2.193221746438212e-07
ne16_transient_1900.2026-02-06.clm2.h0a.1966-06.nc,2.102963776451361e-07
ne16_transient_1900.2026-02-06.clm2.h0a.2010-04.nc,3.853218970562011e-07
ne16_transient_1900.2026-02-06.clm2.h0a.1978-01.nc,2.86019712802954e-07
ne16_transient_1900.2026-02-06.clm2.h0a.1973-04.nc,2.989577296830248e-07
ne16_transient_1900.2026-02-06.clm2.h0a.1902-03.nc,2.330608595002559e-07
ne16_transient_1900.2026-02-06.clm2.h0a.1913-11.nc,2.1190366794598958e-07
ne16_transient_1900.2026-02-06.clm2.h0a.2015-10.nc,3.8329733342834515e-07
ne16_transient_1900.2026-02-06.clm2.h0a.2002-08.nc,3.5083493798993004e-07
ne16_transient_1900.2026-02-06.clm2.h0a.2013-04.nc,3.4805196946763317e-07
ne16_transient_1900.2026-02-06.clm2.h0a.2000-12.nc,3.1649247489440313e-07
ne16_transient_1900.2026-02-06.clm2.h0a.2005-11.nc,3.5238522855252086e-07
ne16_transient_1900.2026-02-06.clm2.h0a.2020-02.nc,3.670654109555471e-07
ne16_transient_1900.2026-02-06.clm2.h0a.1959-10.nc,2.390069653301907e-07
ne16_transient_1900.2026-02-06.clm2.h0a.1966-08.nc,2.370387193195711e-07
ne16_transient_1900.2026-02-06.clm2.h0a.2015-01.nc,3.954887972668075e-07
ne16_transient_1900.2026-02-06.clm2.h0a.2011-12.nc,3.615080004237825e-07
ne16_transient_1900.2026-02-06.clm2.h0a.1976-09.nc,2.638957710132672e-07
ne16_transient_1900.2026-02-06.clm2.h0a.1943-05.nc,2.09251268756816e-07
ne16_transient_1900.2026-02-06.clm2.h0a.2012-06.nc,3.838844122583396e-07
ne16_transient_1900.2026-02-06.clm2.h0a.1927-07.nc,1.7301596244578832e-07
ne16_transient_1900.2026-02-06.clm2.h0a.1970-07.nc,2.5521288193885994e-07
ne16_transient_1900.2026-02-06.clm2.h0a.1983-09.nc,3.212035437627492e-07
ne16_transient_1900.2026-02-06.clm2.h0a.1932-01.nc,2.447724227749859e-07
ne16_transient_1900.2026-02-06.clm2.h0a.2007-09.nc,3.994694282027922e-07
ne16_transient_1900.2026-02-06.clm2.h0a.1954-07.nc,1.9968220499322342e-07
ne16_transient_1900.2026-02-06.clm2.h0a.1923-12.nc,2.2186803505519492e-07
ne16_transient_1900.2026-02-06.clm2.h0a.1909-12.nc,1.913989109425529e-07
ne16_transient_1900.2026-02-06.clm2.h0a.1905-02.nc,2.1395797489276447e-07
ne16_transient_1900.2026-02-06.clm2.h0a.1956-01.nc,2.6864114488489577e-07
ne16_transient_1900.2026-02-06.clm2.h0a.2010-06.nc,3.283796559117036e-07
ne16_transient_1900.2026-02-06.clm2.h0a.1919-01.nc,2.174304256641335e-07
ne16_transient_1900.2026-02-06.clm2.h0a.1960-04.nc,2.7376890443520097e-07
ne16_transient_1900.2026-02-06.clm2.h0a.1907-07.nc,1.8584262306831079e-07
ne16_transient_1900.2026-02-06.clm2.h0a.1986-12.nc,3.0535565542777476e-07
ne16_transient_1900.2026-02-06.clm2.h0a.1902-08.nc,1.7461962897868943e-07
ne16_transient_1900.2026-02-06.clm2.h0a.1974-02.nc,3.0993550126368064e-07
ne16_transient_1900.2026-02-06.clm2.h0a.1918-04.nc,2.2232104868180613e-07
ne16_transient_1900.2026-02-06.clm2.h0a.1920-05.nc,2.2784240627515828e-07
ne16_transient_1900.2026-02-06.clm2.h0a.1906-12.nc,1.805296960810665e-07
ne16_transient_1900.2026-02-06.clm2.h0a.1960-05.nc,2.5768468958631274e-07
ne16_transient_1900.2026-02-06.clm2.h0a.1980-10.nc,2.621971475491591e-07
ne16_transient_1900.2026-02-06.clm2.h0a.2019-07.nc,3.8968053672761016e-07
ne16_transient_1900.2026-02-06.clm2.h0a.1929-12.nc,2.1255875992665096e-07
ne16_transient_1900.2026-02-06.clm2.h0a.2006-06.nc,3.5370433693060477e-07
ne16_transient_1900.2026-02-06.clm2.h0a.1968-08.nc,2.3465668164135423e-07
ne16_transient_1900.2026-02-06.clm2.h0a.1926-05.nc,2.0144787526987784e-07
ne16_transient_1900.2026-02-06.clm2.h0a.2010-03.nc,3.929922058887314e-07
ne16_transient_1900.2026-02-06.clm2.h0a.1941-12.nc,2.2441251701366127e-07
ne16_transient_1900.2026-02-06.clm2.h0a.1911-01.nc,2.086184167637839e-07
ne16_transient_1900.2026-02-06.clm2.h0a.1973-01.nc,2.9526603384510963e-07
ne16_transient_1900.2026-02-06.clm2.h0a.1967-04.nc,2.5843354478638503e-07
ne16_transient_1900.2026-02-06.clm2.h0a.2015-05.nc,3.749961479115882e-07
ne16_transient_1900.2026-02-06.clm2.h0a.1943-12.nc,2.4075262672340614e-07
ne16_transient_1900.2026-02-06.clm2.h0a.1913-10.nc,1.8750309038750856e-07
ne16_transient_1900.2026-02-06.clm2.h0a.1920-01.nc,2.196583324121093e-07
ne16_transient_1900.2026-02-06.clm2.h0a.1966-04.nc,2.804251835186733e-07
ne16_transient_1900.2026-02-06.clm2.h0a.1963-09.nc,2.974783797071723e-07
ne16_transient_1900.2026-02-06.clm2.h0a.1931-11.nc,2.041349205228471e-07
ne16_transient_1900.2026-02-06.clm2.h0a.2006-10.nc,3.1612128736924205e-07
ne16_transient_1900.2026-02-06.clm2.h0a.1968-05.nc,2.5015722826537967e-07
ne16_transient_1900.2026-02-06.clm2.h0a.1998-07.nc,3.5621641814032046e-07
ne16_transient_1900.2026-02-06.clm2.h0a.1997-03.nc,3.990004699971905e-07
ne16_transient_1900.2026-02-06.clm2.h0a.1936-06.nc,2.2237534835767292e-07
ne16_transient_1900.2026-02-06.clm2.h0a.1901-08.nc,1.630522774576093e-07
ne16_transient_1900.2026-02-06.clm2.h0a.1921-12.nc,2.1481805845269264e-07
ne16_transient_1900.2026-02-06.clm2.h0a.1994-09.nc,3.870528360039316e-07
ne16_transient_1900.2026-02-06.clm2.h0a.2011-04.nc,3.85596990781778e-07
ne16_transient_1900.2026-02-06.clm2.h0a.1929-11.nc,2.1491128165962436e-07
ne16_transient_1900.2026-02-06.clm2.h0a.2007-12.nc,3.5740157500185887e-07
ne16_transient_1900.2026-02-06.clm2.h0a.1961-07.nc,1.9594881450757384e-07
ne16_transient_1900.2026-02-06.clm2.h0a.2006-08.nc,3.5026658906645025e-07
ne16_transient_1900.2026-02-06.clm2.h0a.1987-06.nc,2.6318076606912655e-07
ne16_transient_1900.2026-02-06.clm2.h0a.1974-06.nc,2.5983857199207705e-07
ne16_transient_1900.2026-02-06.clm2.h0a.1971-05.nc,2.576180690994079e-07
ne16_transient_1900.2026-02-06.clm2.h0a.1976-01.nc,3.0976968901086366e-07
ne16_transient_1900.2026-02-06.clm2.h0a.2017-10.nc,3.536704298312543e-07
ne16_transient_1900.2026-02-06.clm2.h0a.1955-10.nc,2.280109612229353e-07
ne16_transient_1900.2026-02-06.clm2.h0a.1954-09.nc,2.253608073488067e-07
ne16_transient_1900.2026-02-06.clm2.h0a.1979-07.nc,2.5043061668839073e-07
ne16_transient_1900.2026-02-06.clm2.h0a.1977-03.nc,3.4426611250637507e-07
ne16_transient_1900.2026-02-06.clm2.h0a.1977-08.nc,2.7273125624560635e-07
ne16_transient_1900.2026-02-06.clm2.h0a.1921-06.nc,2.057800685406619e-07
ne16_transient_1900.2026-02-06.clm2.h0a.2017-11.nc,3.48837772889965e-07
ne16_transient_1900.2026-02-06.clm2.h0a.2017-09.nc,4.4229236095816304e-07
ne16_transient_1900.2026-02-06.clm2.h0a.1999-04.nc,3.962213668273762e-07
ne16_transient_1900.2026-02-06.clm2.h0a.2016-11.nc,3.627977491760248e-07
ne16_transient_1900.2026-02-06.clm2.h0a.1998-08.nc,3.4215679534099763e-07
ne16_transient_1900.2026-02-06.clm2.h0a.1952-02.nc,2.7222478138355655e-07
ne16_transient_1900.2026-02-06.clm2.h0a.2013-05.nc,3.7725467905147525e-07
ne16_transient_1900.2026-02-06.clm2.h0a.2016-09.nc,4.1157178998219024e-07
ne16_transient_1900.2026-02-06.clm2.h0a.1984-08.nc,2.712151285777509e-07
ne16_transient_1900.2026-02-06.clm2.h0a.2010-01.nc,3.284129377334466e-07
ne16_transient_1900.2026-02-06.clm2.h0a.1968-02.nc,2.5971255013246264e-07
ne16_transient_1900.2026-02-06.clm2.h0a.1949-09.nc,2.282151285726286e-07
ne16_transient_1900.2026-02-06.clm2.h0a.1925-04.nc,2.3376539104447147e-07
ne16_transient_1900.2026-02-06.clm2.h0a.1954-05.nc,2.3537677407148294e-07
ne16_transient_1900.2026-02-06.clm2.h0a.1986-04.nc,3.378509916274197e-07
ne16_transient_1900.2026-02-06.clm2.h0a.1967-05.nc,2.76286357347999e-07
ne16_transient_1900.2026-02-06.clm2.h0a.1936-12.nc,2.45031287704478e-07
ne16_transient_1900.2026-02-06.clm2.h0a.1955-03.nc,2.811558488247101e-07
ne16_transient_1900.2026-02-06.clm2.h0a.2007-01.nc,3.850327630061656e-07
ne16_transient_1900.2026-02-06.clm2.h0a.1909-01.nc,2.157756284759671e-07
ne16_transient_1900.2026-02-06.clm2.h0a.1923-06.nc,2.0794649913113972e-07
ne16_transient_1900.2026-02-06.clm2.h0a.2005-01.nc,4.003755407211429e-07
ne16_transient_1900.2026-02-06.clm2.h0a.1958-12.nc,2.3068602672537963e-07
ne16_transient_1900.2026-02-06.clm2.h0a.2012-11.nc,3.240337775878288e-07
ne16_transient_1900.2026-02-06.clm2.h0a.2003-03.nc,3.785873730066669e-07
ne16_transient_1900.2026-02-06.clm2.h0a.1945-03.nc,2.869842035124748e-07
ne16_transient_1900.2026-02-06.clm2.h0a.1989-02.nc,3.954263547711889e-07
ne16_transient_1900.2026-02-06.clm2.h0a.2013-01.nc,4.104581137198693e-07
ne16_transient_1900.2026-02-06.clm2.h0a.1997-11.nc,2.720503857744916e-07
ne16_transient_1900.2026-02-06.clm2.h0a.2005-08.nc,3.7935188856863533e-07
ne16_transient_1900.2026-02-06.clm2.h0a.2001-10.nc,2.985869969052146e-07
ne16_transient_1900.2026-02-06.clm2.h0a.2007-08.nc,3.752637951492943e-07
ne16_transient_1900.2026-02-06.clm2.h0a.1974-04.nc,2.741973617048643e-07
ne16_transient_1900.2026-02-06.clm2.h0a.1952-08.nc,2.2911208930054272e-07
ne16_transient_1900.2026-02-06.clm2.h0a.1946-01.nc,2.552486648710328e-07
ne16_transient_1900.2026-02-06.clm2.h0a.1917-04.nc,2.396808440607856e-07
ne16_transient_1900.2026-02-06.clm2.h0a.1970-11.nc,2.744807829913043e-07
ne16_transient_1900.2026-02-06.clm2.h0a.1987-12.nc,3.0479813517558796e-07
ne16_transient_1900.2026-02-06.clm2.h0a.1920-09.nc,1.693472171382382e-07
ne16_transient_1900.2026-02-06.clm2.h0a.1994-10.nc,3.034888038655481e-07
ne16_transient_1900.2026-02-06.clm2.h0a.1957-03.nc,2.4061492354121583e-07
ne16_transient_1900.2026-02-06.clm2.h0a.1975-05.nc,2.787578807783575e-07
ne16_transient_1900.2026-02-06.clm2.h0a.1906-10.nc,1.7707114352560893e-07
ne16_transient_1900.2026-02-06.clm2.h0a.1987-01.nc,3.100909395925555e-07
ne16_transient_1900.2026-02-06.clm2.h0a.1954-01.nc,2.5093189037761476e-07
ne16_transient_1900.2026-02-06.clm2.h0a.1987-10.nc,2.770674996099842e-07
ne16_transient_1900.2026-02-06.clm2.h0a.1941-08.nc,1.8874393958867586e-07
ne16_transient_1900.2026-02-06.clm2.h0a.1969-11.nc,2.388284769949678e-07
ne16_transient_1900.2026-02-06.clm2.h0a.1983-06.nc,2.6911533268503263e-07
ne16_transient_1900.2026-02-06.clm2.h0a.1950-08.nc,2.0887344476250291e-07
ne16_transient_1900.2026-02-06.clm2.h0a.1993-11.nc,2.809184991292568e-07
ne16_transient_1900.2026-02-06.clm2.h0a.1958-09.nc,2.1449646681048762e-07
ne16_transient_1900.2026-02-06.clm2.h0a.2004-01.nc,3.3204412375198444e-07
ne16_transient_1900.2026-02-06.clm2.h0a.2007-02.nc,3.6766033417734434e-07
ne16_transient_1900.2026-02-06.clm2.h0a.1937-05.nc,2.330317840915086e-07
ne16_transient_1900.2026-02-06.clm2.h0a.1980-04.nc,3.0557194463654014e-07
ne16_transient_1900.2026-02-06.clm2.h0a.1949-10.nc,2.3350052913428954e-07
ne16_transient_1900.2026-02-06.clm2.h0a.1982-01.nc,3.113631805717887e-07
ne16_transient_1900.2026-02-06.clm2.h0a.1930-04.nc,2.2332221760734683e-07
ne16_transient_1900.2026-02-06.clm2.h0a.1977-02.nc,3.026213164503133e-07
ne16_transient_1900.2026-02-06.clm2.h0a.1959-03.nc,2.8308568289503455e-07
ne16_transient_1900.2026-02-06.clm2.h0a.1934-09.nc,2.0363081887353474e-07
ne16_transient_1900.2026-02-06.clm2.h0a.1935-08.nc,1.9247539739808417e-07
ne16_transient_1900.2026-02-06.clm2.h0a.1902-09.nc,1.7645410821387486e-07
ne16_transient_1900.2026-02-06.clm2.h0a.2012-01.nc,3.789155016420409e-07
ne16_transient_1900.2026-02-06.clm2.h0a.1914-02.nc,2.184513050451642e-07
ne16_transient_1900.2026-02-06.clm2.h0a.1977-09.nc,2.6515508011470956e-07
ne16_transient_1900.2026-02-06.clm2.h0a.1915-04.nc,2.030693337928824e-07
ne16_transient_1900.2026-02-06.clm2.h0a.1915-10.nc,1.901504731449677e-07
ne16_transient_1900.2026-02-06.clm2.h0a.1926-09.nc,2.048909948371147e-07
ne16_transient_1900.2026-02-06.clm2.h0a.1930-02.nc,2.1219466361799277e-07
ne16_transient_1900.2026-02-06.clm2.h0a.1947-07.nc,1.9861850830693584e-07
ne16_transient_1900.2026-02-06.clm2.h0a.1955-05.nc,2.41062849681839e-07
ne16_transient_1900.2026-02-06.clm2.h0a.1914-06.nc,1.8038093685390777e-07
ne16_transient_1900.2026-02-06.clm2.h0a.2003-05.nc,4.495235543799936e-07
ne16_transient_1900.2026-02-06.clm2.h0a.1966-02.nc,2.617643986013718e-07
ne16_transient_1900.2026-02-06.clm2.h0a.1931-03.nc,2.5432996153540444e-07
ne16_transient_1900.2026-02-06.clm2.h0a.1946-10.nc,2.3205065247111634e-07
ne16_transient_1900.2026-02-06.clm2.h0a.1934-03.nc,2.5134309566965385e-07
